#
# There is insufficient memory for the Java Runtime Environment to continue.
# Native memory allocation (mmap) failed to map 65536 bytes. Error detail: Failed to commit metaspace.
# Possible reasons:
#   The system is out of physical RAM or swap space
#   This process is running with CompressedOops enabled, and the Java Heap may be blocking the growth of the native heap
# Possible solutions:
#   Reduce memory load on the system
#   Increase physical memory or swap space
#   Check if swap backing store is full
#   Decrease Java heap size (-Xmx/-Xms)
#   Decrease number of Java threads
#   Decrease Java thread stack sizes (-Xss)
#   Set larger code cache with -XX:ReservedCodeCacheSize=
#   JVM is running with Unscaled Compressed Oops mode in which the Java heap is
#     placed in the first 4GB address space. The Java Heap base address is the
#     maximum limit for the native heap growth. Please use -XX:HeapBaseMinAddress
#     to set the Java Heap base and to place the Java Heap above 4GB virtual address.
# This output file may be truncated or incomplete.
#
#  Out of Memory Error (virtualSpaceNode.cpp:113), pid=3448, tid=25876
#
# JRE version: OpenJDK Runtime Environment Temurin-21.0.12.1+1 (21.0.12.1+1) (build 21.0.12.1+1-LTS)
# Java VM: OpenJDK 64-Bit Server VM Temurin-21.0.12.1+1 (21.0.12.1+1-LTS, mixed mode, sharing, tiered, compressed oops, compressed class ptrs, parallel gc, windows-amd64)
# No core dump will be written. Minidumps are not enabled by default on client versions of Windows
#

---------------  S U M M A R Y ------------

Command Line: --add-modules=ALL-SYSTEM --add-opens=java.base/java.util=ALL-UNNAMED --add-opens=java.base/java.lang=ALL-UNNAMED --add-opens=java.base/sun.nio.fs=ALL-UNNAMED -Declipse.application=org.eclipse.jdt.ls.core.id1 -Dosgi.bundles.defaultStartLevel=4 -Declipse.product=org.eclipse.jdt.ls.core.product -Djava.import.generatesMetadataFilesAtProjectRoot=false -Dm2e.project.cache.size=50 -DDetectVMInstallationsJob.disabled=true -Dfile.encoding=utf8 -XX:+UseParallelGC -XX:GCTimeRatio=4 -XX:AdaptiveSizePolicyWeight=90 -Dsun.zip.disableMemoryMapping=true -Xmx2G -Xms100m -Xlog:disable -javaagent:c:\Users\HP\.vscode\extensions\redhat.java-1.56.0-win32-x64\lombok\lombok-1.18.39-4050.jar -XX:+HeapDumpOnOutOfMemoryError -XX:HeapDumpPath=c:\Users\HP\AppData\Roaming\Code\User\workspaceStorage\582c10e5bd0e77861f8ce3b57d2bfba2\redhat.java -Daether.dependencyCollector.impl=bf c:\Users\HP\.vscode\extensions\redhat.java-1.56.0-win32-x64\server\plugins\org.eclipse.equinox.launcher_1.8.0.v20260804-1928.jar -configuration c:\Users\HP\AppData\Roaming\Code\User\globalStorage\redhat.java\1.56.0\config_win -data c:\Users\HP\AppData\Roaming\Code\User\workspaceStorage\582c10e5bd0e77861f8ce3b57d2bfba2\redhat.java\jdt_ws --pipe=\\.\pipe\lsp-4660517ffbe1c3d1715f847b107e39d4-sock

Host: AMD Ryzen 5 5600H with Radeon Graphics         , 12 cores, 7G,  Windows 11 , 64 bit Build 26100 (10.0.26100.9568)
Time: Sat Oct  3 14:13:28 2026 India Standard Time elapsed time: 12.325621 seconds (0d 0h 0m 12s)

---------------  T H R E A D  ---------------

Current thread (0x0000022a1e806ad0):  JavaThread "Worker-2: Building"        [_thread_in_vm, id=25876, stack(0x000000ea9b200000,0x000000ea9b300000) (1024K)]

Stack: [0x000000ea9b200000,0x000000ea9b300000]
Native frames: (J=compiled Java code, j=interpreted, Vv=VM code, C=native code)
V  [jvm.dll+0x6d83e9]
V  [jvm.dll+0x8b5736]
V  [jvm.dll+0x8b7cee]
V  [jvm.dll+0x8b83d3]
V  [jvm.dll+0x284596]
V  [jvm.dll+0x8b147e]
V  [jvm.dll+0x679ad4]
V  [jvm.dll+0x1e849b]
V  [jvm.dll+0x1e825e]
V  [jvm.dll+0x67c3d2]
V  [jvm.dll+0x67c202]
V  [jvm.dll+0x67a4ae]
V  [jvm.dll+0x281467]
V  [jvm.dll+0x72e6df]
V  [jvm.dll+0x72f21f]
V  [jvm.dll+0x3ccb91]
V  [jvm.dll+0x3cb967]
V  [jvm.dll+0x3cb908]
V  [jvm.dll+0x3dd3aa]
C  0x00000229c9e29274

The last pc belongs to new (printed below).
Java frames: (J=compiled Java code, j=interpreted, Vv=VM code)
j  lombok.eclipse.handlers.HandleEqualsAndHashCode.createEquals(Llombok/eclipse/EclipseNode;Ljava/util/Collection;ZLorg/eclipse/jdt/internal/compiler/ast/ASTNode;Llombok/core/handlers/HandlerUtil$FieldAccess;ZLjava/util/List;)Lorg/eclipse/jdt/internal/compiler/ast/MethodDeclaration;+824
j  lombok.eclipse.handlers.HandleEqualsAndHashCode.generateMethods(Llombok/eclipse/EclipseNode;Llombok/eclipse/EclipseNode;Ljava/util/List;Ljava/lang/Boolean;ZZLlombok/core/handlers/HandlerUtil$FieldAccess;Ljava/util/List;)V+424
j  lombok.eclipse.handlers.HandleEqualsAndHashCode.generateEqualsAndHashCodeForType(Llombok/eclipse/EclipseNode;Llombok/eclipse/EclipseNode;)V+72
j  lombok.eclipse.handlers.HandleData.handle(Llombok/core/AnnotationValues;Lorg/eclipse/jdt/internal/compiler/ast/Annotation;Llombok/eclipse/EclipseNode;)V+88
j  lombok.eclipse.HandlerLibrary$AnnotationHandlerContainer.handle(Lorg/eclipse/jdt/internal/compiler/ast/Annotation;Llombok/eclipse/EclipseNode;)V+16
j  lombok.eclipse.HandlerLibrary.handleAnnotation(Lorg/eclipse/jdt/internal/compiler/ast/CompilationUnitDeclaration;Llombok/eclipse/EclipseNode;Lorg/eclipse/jdt/internal/compiler/ast/Annotation;J)J+162
j  lombok.eclipse.TransformEclipseAST$AnnotationVisitor.visitAnnotationOnType(Lorg/eclipse/jdt/internal/compiler/ast/TypeDeclaration;Llombok/eclipse/EclipseNode;Lorg/eclipse/jdt/internal/compiler/ast/Annotation;)V+31
J 7585 c1 lombok.eclipse.EclipseNode.traverse(Llombok/eclipse/EclipseASTVisitor;)V (800 bytes) @ 0x00000229c36bdd2c [0x00000229c36bb980+0x00000000000023ac]
J 7586 c1 lombok.eclipse.EclipseAST.traverseChildren(Llombok/eclipse/EclipseASTVisitor;Llombok/eclipse/EclipseNode;)V (41 bytes) @ 0x00000229c36b8854 [0x00000229c36b8580+0x00000000000002d4]
J 7585 c1 lombok.eclipse.EclipseNode.traverse(Llombok/eclipse/EclipseASTVisitor;)V (800 bytes) @ 0x00000229c36c1e64 [0x00000229c36bb980+0x00000000000064e4]
J 7586 c1 lombok.eclipse.EclipseAST.traverseChildren(Llombok/eclipse/EclipseASTVisitor;Llombok/eclipse/EclipseNode;)V (41 bytes) @ 0x00000229c36b8854 [0x00000229c36b8580+0x00000000000002d4]
J 7585 c1 lombok.eclipse.EclipseNode.traverse(Llombok/eclipse/EclipseASTVisitor;)V (800 bytes) @ 0x00000229c36c23bc [0x00000229c36bb980+0x0000000000006a3c]
j  lombok.eclipse.EclipseAST.traverse(Llombok/eclipse/EclipseASTVisitor;)V+8
j  lombok.eclipse.TransformEclipseAST.go()V+62
j  lombok.eclipse.TransformEclipseAST.transform(Lorg/eclipse/jdt/internal/compiler/parser/Parser;Lorg/eclipse/jdt/internal/compiler/ast/CompilationUnitDeclaration;)V+140
j  lombok.eclipse.TransformEclipseAST.transform_swapped(Lorg/eclipse/jdt/internal/compiler/ast/CompilationUnitDeclaration;Lorg/eclipse/jdt/internal/compiler/parser/Parser;)V+2
j  java.lang.invoke.LambdaForm$DMH+0x00000229d7000c00.invokeStatic(Ljava/lang/Object;Ljava/lang/Object;Ljava/lang/Object;)V+11 java.base@21.0.12.1
j  java.lang.invoke.LambdaForm$MH+0x00000229d7640800.invoke(Ljava/lang/Object;Ljava/lang/Object;Ljava/lang/Object;Ljava/lang/Object;)Ljava/lang/Object;+54 java.base@21.0.12.1
J 1544 c1 jdk.internal.reflect.DirectMethodHandleAccessor.invoke(Ljava/lang/Object;[Ljava/lang/Object;)Ljava/lang/Object; java.base@21.0.12.1 (92 bytes) @ 0x00000229c2b725c4 [0x00000229c2b71480+0x0000000000001144]
J 1541 c1 java.lang.reflect.Method.invoke(Ljava/lang/Object;[Ljava/lang/Object;)Ljava/lang/Object; java.base@21.0.12.1 (108 bytes) @ 0x00000229c2b6d754 [0x00000229c2b6d240+0x0000000000000514]
j  lombok.launch.PatchFixesHider$Util.invokeMethod(Ljava/lang/reflect/Method;[Ljava/lang/Object;)Ljava/lang/Object;+3
j  lombok.launch.PatchFixesHider$Transform.transform_swapped(Ljava/lang/Object;Ljava/lang/Object;)V+25
j  org.eclipse.jdt.internal.compiler.parser.Parser.endParse(I)Lorg/eclipse/jdt/internal/compiler/ast/CompilationUnitDeclaration;+289
j  org.eclipse.jdt.internal.compiler.parser.Parser.parse()V+674
j  org.eclipse.jdt.internal.compiler.parser.Parser.parse(Lorg/eclipse/jdt/internal/compiler/env/ICompilationUnit;Lorg/eclipse/jdt/internal/compiler/CompilationResult;II)Lorg/eclipse/jdt/internal/compiler/ast/CompilationUnitDeclaration;+314
j  org.eclipse.jdt.internal.compiler.parser.Parser.parse(Lorg/eclipse/jdt/internal/compiler/env/ICompilationUnit;Lorg/eclipse/jdt/internal/compiler/CompilationResult;)Lorg/eclipse/jdt/internal/compiler/ast/CompilationUnitDeclaration;+5
j  org.eclipse.jdt.internal.compiler.parser.Parser.dietParse(Lorg/eclipse/jdt/internal/compiler/env/ICompilationUnit;Lorg/eclipse/jdt/internal/compiler/CompilationResult;)Lorg/eclipse/jdt/internal/compiler/ast/CompilationUnitDeclaration;+25
j  org.eclipse.jdt.internal.compiler.Compiler.internalBeginToCompile([Lorg/eclipse/jdt/internal/compiler/env/ICompilationUnit;I)V+172
j  org.eclipse.jdt.internal.compiler.Compiler.beginToCompile([Lorg/eclipse/jdt/internal/compiler/env/ICompilationUnit;)V+19
j  org.eclipse.jdt.internal.compiler.Compiler.compile([Lorg/eclipse/jdt/internal/compiler/env/ICompilationUnit;Z)V+61
j  org.eclipse.jdt.internal.compiler.Compiler.compile([Lorg/eclipse/jdt/internal/compiler/env/ICompilationUnit;)V+3
j  org.eclipse.jdt.internal.core.builder.AbstractImageBuilder.compile([Lorg/eclipse/jdt/internal/core/builder/SourceFile;[Lorg/eclipse/jdt/internal/core/builder/SourceFile;Z)V+605
j  org.eclipse.jdt.internal.core.builder.BatchImageBuilder.compile([Lorg/eclipse/jdt/internal/core/builder/SourceFile;[Lorg/eclipse/jdt/internal/core/builder/SourceFile;Z)V+28
j  org.eclipse.jdt.internal.core.builder.AbstractImageBuilder.compile([Lorg/eclipse/jdt/internal/core/builder/SourceFile;)V+159
j  org.eclipse.jdt.internal.core.builder.BatchImageBuilder.build()V+151
j  org.eclipse.jdt.internal.core.builder.JavaBuilder.buildAll()V+88
j  org.eclipse.jdt.internal.core.builder.JavaBuilder.build(ILjava/util/Map;Lorg/eclipse/core/runtime/IProgressMonitor;)[Lorg/eclipse/core/resources/IProject;+151
j  org.eclipse.core.internal.events.BuildManager$2.run()V+27
j  org.eclipse.core.runtime.SafeRunner.run(Lorg/eclipse/core/runtime/ISafeRunnable;)V+5
j  org.eclipse.core.internal.events.BuildManager.basicBuild(ILorg/eclipse/core/resources/IncrementalProjectBuilder;Ljava/util/Map;Lorg/eclipse/core/runtime/MultiStatus;Lorg/eclipse/core/runtime/IProgressMonitor;)V+527
j  org.eclipse.core.internal.events.BuildManager.basicBuild(Lorg/eclipse/core/resources/IBuildConfiguration;ILorg/eclipse/core/resources/IBuildContext;[Lorg/eclipse/core/resources/ICommand;Lorg/eclipse/core/runtime/MultiStatus;Lorg/eclipse/core/runtime/IProgressMonitor;)V+116
j  org.eclipse.core.internal.events.BuildManager$1.run()V+28
j  org.eclipse.core.runtime.SafeRunner.run(Lorg/eclipse/core/runtime/ISafeRunnable;)V+5
j  org.eclipse.core.internal.events.BuildManager.basicBuild(Lorg/eclipse/core/resources/IBuildConfiguration;ILorg/eclipse/core/resources/IBuildContext;Lorg/eclipse/core/runtime/MultiStatus;Lorg/eclipse/core/runtime/IProgressMonitor;)V+123
j  org.eclipse.core.internal.events.BuildManager.basicBuildLoop([Lorg/eclipse/core/resources/IBuildConfiguration;[Lorg/eclipse/core/resources/IBuildConfiguration;ILorg/eclipse/core/runtime/MultiStatus;Lorg/eclipse/core/runtime/IProgressMonitor;IZ)V+119
j  org.eclipse.core.internal.events.BuildManager.basicBuildLoop([Lorg/eclipse/core/resources/IBuildConfiguration;[Lorg/eclipse/core/resources/IBuildConfiguration;ILorg/eclipse/core/runtime/MultiStatus;Lorg/eclipse/core/runtime/IProgressMonitor;)V+102
j  org.eclipse.core.internal.events.BuildManager.build([Lorg/eclipse/core/resources/IBuildConfiguration;[Lorg/eclipse/core/resources/IBuildConfiguration;ILorg/eclipse/core/runtime/IProgressMonitor;)Lorg/eclipse/core/runtime/IStatus;+51
j  org.eclipse.core.internal.events.AutoBuildJob.doBuild(Lorg/eclipse/core/runtime/IProgressMonitor;)V+105
j  org.eclipse.core.internal.events.AutoBuildJob.run(Lorg/eclipse/core/runtime/IProgressMonitor;)Lorg/eclipse/core/runtime/IStatus;+63
j  org.eclipse.core.internal.jobs.Worker.run()V+32
v  ~StubRoutines::call_stub 0x00000229c9e1100d
new  187 new  [0x00000229c9e290e0, 0x00000229c9e292e8]  520 bytes
[MachCode]
  0x00000229c9e290e0: 4883 ec08 | c5fa 1104 | 24eb 1f48 | 83ec 10c5 | fb11 0424 | eb14 4883 | ec10 4889 | 0424 48c7 
  0x00000229c9e29100: 4424 0800 | 0000 00eb | 0150 410f | b755 010f | cac1 ea10 | 488b 4de8 | 488b 4908 | 488b 4908 
  0x00000229c9e29120: 488b 4108 | 807c 1004 | 070f 85d3 | 0000 0066 | 8b54 d148 | 488b 4928 | 488b 4cd1 | 0851 80b9 
  0x00000229c9e29140: 3101 0000 | 040f 85b6 | 0000 008b | 5108 f6c2 | 010f 85aa | 0000 0049 | 8b87 b801 | 0000 488d 
  0x00000229c9e29160: 1c10 493b | 9fc8 0100 | 000f 8792 | 0000 0049 | 899f b801 | 0000 4883 | ea10 0f84 | 0f00 0000 
  0x00000229c9e29180: 33c9 c1ea | 0348 894c | d008 48ff | ca75 f648 | c700 0100 | 0000 5933 | f689 700c | 49ba 0000 
  0x00000229c9e291a0: 00d6 2902 | 0000 492b | ca89 4808 | 49ba 076d | b87a fa7f | 0000 4180 | 3a00 0f84 | 3c00 0000 
  0x00000229c9e291c0: 5048 8bc8 | 4883 ec20 | 40f6 c40f | 0f84 1900 | 0000 4883 | ec08 48b8 | 20eb 617a | fa7f 0000 
  0x00000229c9e291e0: ffd0 4883 | c408 e90c | 0000 0048 | b820 eb61 | 7afa 7f00 | 00ff d048 | 83c4 2058 | e9cb 0000 
  0x00000229c9e29200: 0059 488b | 55e8 488b | 5208 488b | 5208 450f | b745 0141 | 0fc8 41c1 | e810 e805 | 0000 00e9 
  0x00000229c9e29220: a800 0000 | 488d 4424 | 084c 896d | c049 8bcf | c5f8 7749 | 89af b003 | 0000 4989 | 87a0 0300 
  0x00000229c9e29240: 0048 83ec | 2040 f6c4 | 0f0f 8419 | 0000 0048 | 83ec 0848 | b820 d32b | 7afa 7f00 | 00ff d048 
  0x00000229c9e29260: 83c4 08e9 | 0c00 0000 | 48b8 20d3 | 2b7a fa7f | 0000 ffd0 | 4883 c420 | 49c7 87a0 | 0300 0000 
  0x00000229c9e29280: 0000 0049 | c787 b003 | 0000 0000 | 0000 49c7 | 87a8 0300 | 0000 0000 | 00c5 f877 | 4983 7f08 
  0x00000229c9e292a0: 000f 8405 | 0000 00e9 | 547c feff | 498b 87f8 | 0300 0049 | c787 f803 | 0000 0000 | 0000 4c8b 
  0x00000229c9e292c0: 6dc0 4c8b | 75c8 4e8d | 74f5 00c3 | 410f b65d | 0349 83c5 | 0349 ba50 | 35bb 7afa | 7f00 0041 
  0x00000229c9e292e0: ff24 da0f | 1f44 0000 
[/MachCode]

Compiled method (c1) 12381 7585       3       lombok.eclipse.EclipseNode::traverse (800 bytes)
 total in heap  [0x00000229c36bb110,0x00000229c36c4c60] = 39760
 relocation     [0x00000229c36bb270,0x00000229c36bb970] = 1792
 main code      [0x00000229c36bb980,0x00000229c36c3488] = 31496
 stub code      [0x00000229c36c3488,0x00000229c36c3640] = 440
 oops           [0x00000229c36c3640,0x00000229c36c3660] = 32
 metadata       [0x00000229c36c3660,0x00000229c36c3820] = 448
 scopes data    [0x00000229c36c3820,0x00000229c36c3ed0] = 1712
 scopes pcs     [0x00000229c36c3ed0,0x00000229c36c4a80] = 2992
 dependencies   [0x00000229c36c4a80,0x00000229c36c4b28] = 168
 nul chk table  [0x00000229c36c4b28,0x00000229c36c4c60] = 312

[Constant Pool (empty)]

[MachCode]
[Entry Point]
  # {method} {0x0000022a1cdb1120} 'traverse' '(Llombok/eclipse/EclipseASTVisitor;)V' in 'lombok/eclipse/EclipseNode'
  # this:     rdx:rdx   = 'lombok/eclipse/EclipseNode'
  # parm0:    r8:r8     = 'lombok/eclipse/EclipseASTVisitor'
  #           [sp+0xd0]  (sp of caller)
  0x00000229c36bb980: 448b 5208 | 49bb 0000 | 00d6 2902 | 0000 4d03 | d34c 3bd0 

  0x00000229c36bb994: ;   {runtime_call ic_miss_stub}
  0x00000229c36bb994: 0f85 e62a | 7a06 660f | 1f44 0000 
[Verified Entry Point]
  0x00000229c36bb9a0: 8984 2400 | 80ff ff55 | 4881 ecc0 | 0000 0090 | 4181 7f20 | 0300 0000 

  0x00000229c36bb9b8: ;   {runtime_call StubRoutines (final stubs)}
  0x00000229c36bb9b8: 7405 e821 | d078 0648 | 8954 2470 | 4c89 4424 

  0x00000229c36bb9c8: ;   {metadata(method data for {method} {0x0000022a1cdb1120} 'traverse' '(Llombok/eclipse/EclipseASTVisitor;)V' in 'lombok/eclipse/EclipseNode')}
  0x00000229c36bb9c8: 7848 be30 | 14f5 1c2a | 0200 008b | becc 0000 | 0083 c702 | 89be cc00 | 0000 81e7 | fe07 0000 
  0x00000229c36bb9e8: 85ff 0f84 | 2970 0000 | 4d85 c00f | 842a 0000 

  0x00000229c36bb9f8: ;   {metadata('lombok/eclipse/EclipseASTAdapter')}
  0x00000229c36bb9f8: 0048 b830 | cb63 d729 | 0200 0041 | 8b58 0849 | ba00 0000 | d629 0200 | 0049 03da | 483b 4338 
  0x00000229c36bba18: 0f85 1c70 | 0000 e900 | 0000 0049 | 8bf0 493b | 0049 8bf0 

  0x00000229c36bba2c: ;   {metadata(method data for {method} {0x0000022a1cdb1120} 'traverse' '(Llombok/eclipse/EclipseASTVisitor;)V' in 'lombok/eclipse/EclipseNode')}
  0x00000229c36bba2c: 48bf 3014 | f51c 2a02 | 0000 8b76 | 0849 ba00 | 0000 d629 | 0200 0049 | 03f2 483b | b720 0100 
  0x00000229c36bba4c: 0075 0d48 | 8387 2801 | 0000 01e9 | 6000 0000 | 483b b730 | 0100 0075 | 0d48 8387 | 3801 0000 
  0x00000229c36bba6c: 01e9 4a00 | 0000 4883 | bf20 0100 | 0000 7517 | 4889 b720 | 0100 0048 | c787 2801 | 0000 0100 
  0x00000229c36bba8c: 0000 e929 | 0000 0048 | 83bf 3001 | 0000 0075 | 1748 89b7 | 3001 0000 | 48c7 8738 | 0100 0001 
  0x00000229c36bbaac: 0000 00e9 | 0800 0000 | 4883 8710 | 0100 0001 | 410f be70 | 0c83 e601 

  0x00000229c36bbac4: ;   {metadata(method data for {method} {0x0000022a1cdb1120} 'traverse' '(Llombok/eclipse/EclipseASTVisitor;)V' in 'lombok/eclipse/EclipseNode')}
  0x00000229c36bbac4: 85f6 48be | 3014 f51c | 2a02 0000 | 48c7 c748 | 0100 0074 | 0748 c7c7 | 5801 0000 | 488b 1c3e 
  0x00000229c36bbae4: 488d 5b01 | 4889 1c3e | 0f84 b100 | 0000 488b 

  0x00000229c36bbaf4: ;   {metadata(method data for {method} {0x0000022a1cdb1120} 'traverse' '(Llombok/eclipse/EclipseASTVisitor;)V' in 'lombok/eclipse/EclipseNode')}
  0x00000229c36bbaf4: f248 bf30 | 14f5 1c2a 

  0x00000229c36bbafc: ;   {metadata('lombok/eclipse/EclipseNode')}
  0x00000229c36bbafc: 0200 0049 | bae8 0b62 | d729 0200 | 004c 8997 | 7801 0000 | 4883 8780 | 0100 0001 

  0x00000229c36bbb18: ;   {metadata(method data for {method} {0x0000022a1cdb17e0} 'isCompleteParse' '()Z' in 'lombok/eclipse/EclipseNode')}
  0x00000229c36bbb18: 48be 30d0 | fd1c 2a02 | 0000 8bbe | cc00 0000 | 83c7 0289 | becc 0000 | 0081 e7fe | ff1f 0085 
  0x00000229c36bbb38: ff0f 8405 | 6f00 008b | 7220 483b | 0648 8bfe 

  0x00000229c36bbb48: ;   {metadata(method data for {method} {0x0000022a1cdb17e0} 'isCompleteParse' '()Z' in 'lombok/eclipse/EclipseNode')}
  0x00000229c36bbb48: 48bb 30d0 | fd1c 2a02 

  0x00000229c36bbb50: ;   {metadata('lombok/eclipse/EclipseAST')}
  0x00000229c36bbb50: 0000 49ba | a0e5 63d7 | 2902 0000 | 4c89 9320 | 0100 0048 | 8383 2801 | 0000 010f | be76 0d83 
  0x00000229c36bbb70: e601 83e6 

  0x00000229c36bbb74: ;   {metadata(method data for {method} {0x0000022a1cdb1120} 'traverse' '(Llombok/eclipse/EclipseASTVisitor;)V' in 'lombok/eclipse/EclipseNode')}
  0x00000229c36bbb74: 0185 f648 | be30 14f5 | 1c2a 0200 | 0048 c7c7 | b001 0000 | 7407 48c7 | c7a0 0100 | 0048 8b1c 
  0x00000229c36bbb94: 3e48 8d5b | 0148 891c | 3e0f 84c4 

  0x00000229c36bbba0: ;   {metadata(method data for {method} {0x0000022a1cdb1120} 'traverse' '(Llombok/eclipse/EclipseASTVisitor;)V' in 'lombok/eclipse/EclipseNode')}
  0x00000229c36bbba0: 6a00 0048 | be30 14f5 | 1c2a 0200 | 0048 8386 | c001 0000 

  0x00000229c36bbbb4: ;   {static_call}
  0x00000229c36bbbb4: 0166 90e8 

  0x00000229c36bbbb8: ; ImmutableOopMap {[112]=Oop [120]=Oop }
                      ;*invokestatic $SWITCH_TABLE$lombok$core$AST$Kind {reexecute=0 rethrow=0 return_oop=0}
                      ; - lombok.eclipse.EclipseNode::traverse@17 (line 66)
  0x00000229c36bbbb8: e4eb ffff 

  0x00000229c36bbbbc: ;   {other}
  0x00000229c36bbbbc: 0f1f 8400 | ac0a 0000 | 488b 5424 

  0x00000229c36bbbc8: ;   {metadata(method data for {method} {0x0000022a1cdb1120} 'traverse' '(Llombok/eclipse/EclipseASTVisitor;)V' in 'lombok/eclipse/EclipseNode')}
  0x00000229c36bbbc8: 7048 be30 | 14f5 1c2a | 0200 008b | 5208 49ba | 0000 00d6 | 2902 0000 | 4903 d248 | 3b96 e001 
  0x00000229c36bbbe8: 0000 750d | 4883 86e8 | 0100 0001 | e960 0000 | 0048 3b96 | f001 0000 | 750d 4883 | 86f8 0100 
  0x00000229c36bbc08: 0001 e94a | 0000 0048 | 83be e001 | 0000 0075 | 1748 8996 | e001 0000 | 48c7 86e8 | 0100 0001 
  0x00000229c36bbc28: 0000 00e9 | 2900 0000 | 4883 bef0 | 0100 0000 | 7517 4889 | 96f0 0100 | 0048 c786 | f801 0000 
  0x00000229c36bbc48: 0100 0000 | e908 0000 | 0048 8386 | d001 0000 | 0148 8b54 | 2470 8b72 | 1048 3b06 

  0x00000229c36bbc64: ;   {metadata(method data for {method} {0x0000022a1cdb1120} 'traverse' '(Llombok/eclipse/EclipseASTVisitor;)V' in 'lombok/eclipse/EclipseNode')}
  0x00000229c36bbc64: 488b fe48 | b930 14f5 | 1c2a 0200 | 0048 8381 | 0802 0000 | 018b 760c 

  0x00000229c36bbc7c: ; implicit exception: dispatches to 0x00000229c36c2a6f
  0x00000229c36bbc7c: 3b70 0c0f | 83f4 6d00 | 0048 63f6 | 8b74 b010 

  0x00000229c36bbc8c: ;   {metadata(method data for {method} {0x0000022a1cdb1120} 'traverse' '(Llombok/eclipse/EclipseASTVisitor;)V' in 'lombok/eclipse/EclipseNode')}
  0x00000229c36bbc8c: 48bf 3014 | f51c 2a02 | 0000 48c7 | c048 0200 | 0083 fe01 | 488b c848 | c7c0 5802 | 0000 480f 
  0x00000229c36bbcac: 45c1 83fe | 0248 8bc8 | 48c7 c068 | 0200 0048 | 0f45 c183 | fe03 488b | c848 c7c0 | 7802 0000 
  0x00000229c36bbccc: 480f 45c1 | 83fe 0448 | 8bc8 48c7 | c088 0200 | 0048 0f45 | c183 fe05 | 488b c848 | c7c0 9802 
  0x00000229c36bbcec: 0000 480f | 45c1 83fe | 0648 8bc8 | 48c7 c0a8 | 0200 0048 | 0f45 c183 | fe07 488b | c848 c7c0 
  0x00000229c36bbd0c: b802 0000 | 480f 45c1 | 83fe 0848 | 8bc8 48c7 | c0c8 0200 | 0048 0f45 | c183 fe09 | 488b c848 
  0x00000229c36bbd2c: c7c0 d802 | 0000 480f | 45c1 83fe | 0a48 8bc8 | 48c7 c0e8 | 0200 0048 | 0f45 c148 | 8b0c 0749 
  0x00000229c36bbd4c: c7c2 0100 | 0000 4903 | ca48 890c | 0783 fe01 | 0f84 b163 | 0000 83fe | 020f 8488 | 5e00 0083 
  0x00000229c36bbd6c: fe03 0f84 | 2659 0000 | 83fe 040f | 84b6 5300 | 0083 fe05 | 0f84 e213 | 0000 83fe 

  0x00000229c36bbd88: ;   {no_reloc}
  0x00000229c36bbd88: 060f 84f6 | 0400 0083 | fe07 0f84 | 5f03 0000 | 83fe 080f | 845a 4e00 | 0083 fe09 | 0f84 e948 
  0x00000229c36bbda8: 0000 83fe | 0a0f 8488 | 4300 000f | 1f44 0000 

  0x00000229c36bbdb8: ;   {no_reloc}
  0x00000229c36bbdb8: e9d9 6c00 | 0000 0000 | 0000 80ba | 3101 0000 | 040f 85d6 | 6c00 0049 | 8b87 b801 | 0000 488d 
  0x00000229c36bbdd8: 7828 493b | bfc8 0100 | 000f 87be | 6c00 0049 | 89bf b801 | 0000 48c7 | 0001 0000 | 0048 8bca 
  0x00000229c36bbdf8: 49ba 0000 | 00d6 2902 | 0000 492b | ca89 4808 | 4833 c989 | 480c 4833 | c948 8948 | 1048 8948 
  0x00000229c36bbe18: 1848 8948 | 2048 8984 | 2488 0000 | 0066 6690 

  0x00000229c36bbe28: ;   {no_reloc}
  0x00000229c36bbe28: e994 6c00 | 0000 0000 | 0000 498b | 87b8 0100 | 0048 8d78 | 1849 3bbf | c801 0000 | 0f87 816c 
  0x00000229c36bbe48: 0000 4989 | bfb8 0100 | 0048 c700 | 0100 0000 | 488b ca49 | ba00 0000 | d629 0200 | 0049 2bca 
  0x00000229c36bbe68: 8948 0848 | 33c9 8948 | 0c48 33c9 | 4889 4810 

  0x00000229c36bbe78: ;   {metadata(method data for {method} {0x0000022a1cdb1120} 'traverse' '(Llombok/eclipse/EclipseASTVisitor;)V' in 'lombok/eclipse/EclipseNode')}
  0x00000229c36bbe78: 4c8b c048 | ba30 14f5 | 1c2a 0200 | 0048 8382 | 1820 0000 

  0x00000229c36bbe8c: ;   {metadata(method data for {method} {0x00000229d6461a88} '<init>' '(Ljava/lang/String;)V' in 'java/lang/StringBuilder')}
  0x00000229c36bbe8c: 0149 b800 | 3d31 1a2a | 0200 0041 | 8b90 cc00 | 0000 83c2 | 0241 8990 | cc00 0000 | 81e2 feff 
  0x00000229c36bbeac: 1f00 85d2 | 0f84 226c | 0000 4c8b 

  0x00000229c36bbeb8: ;   {metadata(method data for {method} {0x00000229d6461a88} '<init>' '(Ljava/lang/String;)V' in 'java/lang/StringBuilder')}
  0x00000229c36bbeb8: c048 ba00 | 3d31 1a2a | 0200 0048 | 8382 1001 

  0x00000229c36bbec8: ;   {oop("Unexpected kind during node traversal: "{0x00000000d5a6b108})}
  0x00000229c36bbec8: 0000 0149 | b808 b1a6 | d500 0000 | 0048 8bd0 | 4889 8424 | 8000 0000 | 0f1f 8000 

  0x00000229c36bbee4: ;   {optimized virtual_call}
  0x00000229c36bbee4: 0000 00e8 

  0x00000229c36bbee8: ; ImmutableOopMap {[112]=Oop [128]=Oop [136]=Oop }
                      ;*invokespecial <init> {reexecute=0 rethrow=0 return_oop=0}
                      ; - java.lang.StringBuilder::<init>@2
                      ; - lombok.eclipse.EclipseNode::traverse@782 (line 142)
  0x00000229c36bbee8: 9428 7a06 

  0x00000229c36bbeec: ;   {other}
  0x00000229c36bbeec: 0f1f 8400 | dc0d 0001 | 488b 5424 

  0x00000229c36bbef8: ;   {metadata(method data for {method} {0x0000022a1cdb1120} 'traverse' '(Llombok/eclipse/EclipseASTVisitor;)V' in 'lombok/eclipse/EclipseNode')}
  0x00000229c36bbef8: 7048 be30 | 14f5 1c2a | 0200 008b | 5208 49ba | 0000 00d6 | 2902 0000 | 4903 d248 | 3b96 3820 
  0x00000229c36bbf18: 0000 750d | 4883 8640 | 2000 0001 | e960 0000 | 0048 3b96 | 4820 0000 | 750d 4883 | 8650 2000 
  0x00000229c36bbf38: 0001 e94a | 0000 0048 | 83be 3820 | 0000 0075 | 1748 8996 | 3820 0000 | 48c7 8640 | 2000 0001 
  0x00000229c36bbf58: 0000 00e9 | 2900 0000 | 4883 be48 | 2000 0000 | 7517 4889 | 9648 2000 | 0048 c786 | 5020 0000 
  0x00000229c36bbf78: 0100 0000 | e908 0000 | 0048 8386 | 2820 0000 | 0148 8b54 | 2470 8b72 | 1048 8b84 | 2480 0000 
  0x00000229c36bbf98: ;   {metadata(method data for {method} {0x0000022a1cdb1120} 'traverse' '(Llombok/eclipse/EclipseASTVisitor;)V' in 'lombok/eclipse/EclipseNode')}
  0x00000229c36bbf98: 0048 bf30 | 14f5 1c2a | 0200 0048 | 8387 6020 

  0x00000229c36bbfa8: ;   {metadata(method data for {method} {0x00000229d6461820} 'append' '(Ljava/lang/Object;)Ljava/lang/StringBuilder;' in 'java/lang/StringBuilder')}
  0x00000229c36bbfa8: 0000 0148 | bf70 6a0f | 1a2a 0200 | 008b 9fcc | 0000 0083 | c302 899f | cc00 0000 | 81e3 feff 
  0x00000229c36bbfc8: 1f00 85db | 0f84 276b 

  0x00000229c36bbfd0: ;   {metadata(method data for {method} {0x00000229d6461820} 'append' '(Ljava/lang/Object;)Ljava/lang/StringBuilder;' in 'java/lang/StringBuilder')}
  0x00000229c36bbfd0: 0000 48bf | 706a 0f1a | 2a02 0000 | 4883 8710 | 0100 0001 

  0x00000229c36bbfe4: ;   {metadata(method data for {method} {0x00000229d6454f60} 'valueOf' '(Ljava/lang/Object;)Ljava/lang/String;' in 'java/lang/String')}
  0x00000229c36bbfe4: 48bf 106c | 0f1a 2a02 | 0000 8b9f | cc00 0000 | 83c3 0289 | 9fcc 0000 | 0081 e3fe | ff1f 0085 
  0x00000229c36bc004: db0f 840f | 6b00 0048 

  0x00000229c36bc00c: ;   {metadata(method data for {method} {0x00000229d6454f60} 'valueOf' '(Ljava/lang/Object;)Ljava/lang/String;' in 'java/lang/String')}
  0x00000229c36bc00c: 85f6 48bf | 106c 0f1a | 2a02 0000 | 48c7 c310 | 0100 0075 | 0748 c7c3 | 2001 0000 | 488b 041f 
  0x00000229c36bc02c: 488d 4001 | 4889 041f | 0f85 1f00 

  0x00000229c36bc038: ;   {metadata(method data for {method} {0x00000229d6454f60} 'valueOf' '(Ljava/lang/Object;)Ljava/lang/String;' in 'java/lang/String')}
  0x00000229c36bc038: 0000 48be | 106c 0f1a | 2a02 0000 | ff86 3001 

  0x00000229c36bc048: ;   {oop("null"{0x0000000080000458})}
  0x00000229c36bc048: 0000 48be | 5804 0080 | 0000 0000 | e9f0 6700 | 0048 3b06 

  0x00000229c36bc05c: ;   {metadata(method data for {method} {0x00000229d6454f60} 'valueOf' '(Ljava/lang/Object;)Ljava/lang/String;' in 'java/lang/String')}
  0x00000229c36bc05c: 488b fe48 | bb10 6c0f | 1a2a 0200 | 008b 7f08 | 49ba 0000 | 00d6 2902 | 0000 4903 | fa48 3bbb 
  0x00000229c36bc07c: 5801 0000 | 750d 4883 | 8360 0100 | 0001 e960 | 0000 0048 | 3bbb 6801 | 0000 750d | 4883 8370 
  0x00000229c36bc09c: 0100 0001 | e94a 0000 | 0048 83bb | 5801 0000 | 0075 1748 | 89bb 5801 | 0000 48c7 | 8360 0100 
  0x00000229c36bc0bc: 0001 0000 | 00e9 2900 | 0000 4883 | bb68 0100 | 0000 7517 | 4889 bb68 | 0100 0048 | c783 7001 
  0x00000229c36bc0dc: 0000 0100 | 0000 e908 | 0000 0048 | 8383 4801 | 0000 018b | 7614 e952 | 6700 0048 

  0x00000229c36bc0f8: ;   {metadata(method data for {method} {0x0000022a1cdb1120} 'traverse' '(Llombok/eclipse/EclipseASTVisitor;)V' in 'lombok/eclipse/EclipseNode')}
  0x00000229c36bc0f8: 8bf2 48bf | 3014 f51c | 2a02 0000 | 8b76 0849 | ba00 0000 | d629 0200 | 0049 03f2 | 483b b7c0 
  0x00000229c36bc118: 0b00 0075 | 0d48 8387 | c80b 0000 | 01e9 6000 | 0000 483b | b7d0 0b00 | 0075 0d48 | 8387 d80b 
  0x00000229c36bc138: 0000 01e9 | 4a00 0000 | 4883 bfc0 | 0b00 0000 | 7517 4889 | b7c0 0b00 | 0048 c787 | c80b 0000 
  0x00000229c36bc158: 0100 0000 | e929 0000 | 0048 83bf | d00b 0000 | 0075 1748 | 89b7 d00b | 0000 48c7 | 87d8 0b00 
  0x00000229c36bc178: 0001 0000 | 00e9 0800 | 0000 4883 | 87b0 0b00 

  0x00000229c36bc188: ;   {metadata(method data for {method} {0x0000022a1cda89d0} 'up' '()Llombok/core/LombokNode;' in 'lombok/core/LombokNode')}
  0x00000229c36bc188: 0001 48be | 78db fd1c | 2a02 0000 | 8bbe cc00 | 0000 83c7 | 0289 becc | 0000 0081 | e7fe ff1f 
  0x00000229c36bc1a8: 0085 ff0f | 848f 6900 | 008b 721c 

  0x00000229c36bc1b4: ;   {metadata(method data for {method} {0x0000022a1cda89d0} 'up' '()Llombok/core/LombokNode;' in 'lombok/core/LombokNode')}
  0x00000229c36bc1b4: 48bf 78db | fd1c 2a02 | 0000 ff87 | 1001 0000 | e983 0000 | 000f 1f80 | 0000 0000 

  0x00000229c36bc1d0: ; implicit exception: dispatches to 0x00000229c36c2b61
  0x00000229c36bc1d0: 0fbe 7e0c | 85ff bb02 | 0000 0074 | 05bb 0000 

  0x00000229c36bc1e0: ;   {metadata(method data for {method} {0x0000022a1cda89d0} 'up' '()Llombok/core/LombokNode;' in 'lombok/core/LombokNode')}
  0x00000229c36bc1e0: 0000 48b8 | 78db fd1c | 2a02 0000 | 8b88 d000 | 0000 03cb | 8988 d000 | 0000 85db | 7505 b902 
  0x00000229c36bc200: 0000 0081 | e1fe 3f00 | 0085 c90f | 8455 6900 | 004d 8b97 

  0x00000229c36bc214: ; ImmutableOopMap {rdx=Oop rsi=Oop [112]=Oop [120]=Oop }
                      ;*ifeq {reexecute=1 rethrow=0 return_oop=0}
                      ; - (reexecute) lombok.core.LombokNode::up@21 (line 145)
                      ; - lombok.eclipse.EclipseNode::traverse@296 (line 94)
  0x00000229c36bc214: 5804 0000 

  0x00000229c36bc218: ;   {poll}
  0x00000229c36bc218: 4185 0285 

  0x00000229c36bc21c: ;   {metadata(method data for {method} {0x0000022a1cda89d0} 'up' '()Llombok/core/LombokNode;' in 'lombok/core/LombokNode')}
  0x00000229c36bc21c: ff48 bf78 | dbfd 1c2a | 0200 0048 | c7c3 5801 | 0000 7507 | 48c7 c348 | 0100 0048 | 8b04 1f48 
  0x00000229c36bc23c: 8d40 0148 | 8904 1f0f | 8532 0000 | 008b 761c 

  0x00000229c36bc24c: ;   {metadata(method data for {method} {0x0000022a1cda89d0} 'up' '()Llombok/core/LombokNode;' in 'lombok/core/LombokNode')}
  0x00000229c36bc24c: 4885 f648 | bf78 dbfd | 1c2a 0200 | 0048 c7c3 | 3801 0000 | 7507 48c7 | c328 0100 | 0048 8b04 
  0x00000229c36bc26c: 1f48 8d40 | 0148 8904 | 1f0f 8555 | ffff ff48 | 8b5c 2478 | e9e6 3600 

  0x00000229c36bc284: ;   {metadata(method data for {method} {0x0000022a1cdb1120} 'traverse' '(Llombok/eclipse/EclipseASTVisitor;)V' in 'lombok/eclipse/EclipseNode')}
  0x00000229c36bc284: 0048 be30 | 14f5 1c2a | 0200 0048 | 8386 d00f 

  0x00000229c36bc294: ;   {static_call}
  0x00000229c36bc294: 0000 01e8 

  0x00000229c36bc298: ; ImmutableOopMap {[112]=Oop [120]=Oop }
                      ;*invokestatic $SWITCH_TABLE$lombok$core$AST$Kind {reexecute=0 rethrow=0 return_oop=0}
                      ; - lombok.eclipse.EclipseNode::traverse@391 (line 105)
  0x00000229c36bc298: 04e5 ffff 

  0x00000229c36bc29c: ;   {other}
  0x00000229c36bc29c: 0f1f 8400 | 8c11 0003 | 488b 5424 

  0x00000229c36bc2a8: ;   {metadata(method data for {method} {0x0000022a1cdb1120} 'traverse' '(Llombok/eclipse/EclipseASTVisitor;)V' in 'lombok/eclipse/EclipseNode')}
  0x00000229c36bc2a8: 7048 be30 | 14f5 1c2a | 0200 008b | 5208 49ba | 0000 00d6 | 2902 0000 | 4903 d248 | 3b96 f00f 
  0x00000229c36bc2c8: 0000 750d | 4883 86f8 | 0f00 0001 | e960 0000 | 0048 3b96 | 0010 0000 | 750d 4883 | 8608 1000 
  0x00000229c36bc2e8: 0001 e94a | 0000 0048 | 83be f00f | 0000 0075 | 1748 8996 | f00f 0000 | 48c7 86f8 | 0f00 0001 
  0x00000229c36bc308: 0000 00e9 | 2900 0000 | 4883 be00 | 1000 0000 | 7517 4889 | 9600 1000 | 0048 c786 | 0810 0000 
  0x00000229c36bc328: 0100 0000 | e908 0000 | 0048 8386 | e00f 0000 

  0x00000229c36bc338: ;   {metadata(method data for {method} {0x0000022a1cda89d0} 'up' '()Llombok/core/LombokNode;' in 'lombok/core/LombokNode')}
  0x00000229c36bc338: 0148 ba78 | dbfd 1c2a | 0200 008b | b2cc 0000 | 0083 c602 | 89b2 cc00 | 0000 81e6 | feff 1f00 
  0x00000229c36bc358: 85f6 0f84 | 2768 0000 | 488b 5424 | 708b 721c 

  0x00000229c36bc368: ;   {metadata(method data for {method} {0x0000022a1cda89d0} 'up' '()Llombok/core/LombokNode;' in 'lombok/core/LombokNode')}
  0x00000229c36bc368: 48bf 78db | fd1c 2a02 | 0000 ff87 | 1001 0000 | 488b fee9 | 8500 0000 

  0x00000229c36bc380: ; implicit exception: dispatches to 0x00000229c36c2ba8
  0x00000229c36bc380: 0fbe 4f0c | 85c9 41b8 | 0200 0000 | 7406 41b8 | 0000 0000 

  0x00000229c36bc394: ;   {metadata(method data for {method} {0x0000022a1cda89d0} 'up' '()Llombok/core/LombokNode;' in 'lombok/core/LombokNode')}
  0x00000229c36bc394: 48bb 78db | fd1c 2a02 | 0000 448b | 8bd0 0000 | 0045 03c8 | 4489 8bd0 | 0000 0045 | 85c0 7506 
  0x00000229c36bc3b4: 41b9 0200 | 0000 4181 | e1fe 3f00 | 0045 85c9 | 0f84 e367 | 0000 4d8b | 9758 0400 

  0x00000229c36bc3d0: ; ImmutableOopMap {rax=Oop rdx=Oop rsi=Oop rdi=Oop [112]=Oop [120]=Oop }
                      ;*ifeq {reexecute=1 rethrow=0 return_oop=0}
                      ; - (reexecute) lombok.core.LombokNode::up@21 (line 145)
                      ; - lombok.eclipse.EclipseNode::traverse@395 (line 105)
                      ;   {poll}
  0x00000229c36bc3d0: 0041 8502 

  0x00000229c36bc3d4: ;   {metadata(method data for {method} {0x0000022a1cda89d0} 'up' '()Llombok/core/LombokNode;' in 'lombok/core/LombokNode')}
  0x00000229c36bc3d4: 85c9 48b9 | 78db fd1c | 2a02 0000 | 49c7 c058 | 0100 0075 | 0749 c7c0 | 4801 0000 | 4a8b 1c01 
  0x00000229c36bc3f4: 488d 5b01 | 4a89 1c01 | 0f85 3200 | 0000 8b7f | 1c48 85ff 

  0x00000229c36bc408: ;   {metadata(method data for {method} {0x0000022a1cda89d0} 'up' '()Llombok/core/LombokNode;' in 'lombok/core/LombokNode')}
  0x00000229c36bc408: 48b9 78db | fd1c 2a02 | 0000 49c7 | c038 0100 | 0075 0749 | c7c0 2801 | 0000 4a8b | 1c01 488d 
  0x00000229c36bc428: 5b01 4a89 | 1c01 0f85 | 4cff ffff | 4885 ff75 

  0x00000229c36bc438: ;   {metadata(method data for {method} {0x0000022a1cdb1120} 'traverse' '(Llombok/eclipse/EclipseASTVisitor;)V' in 'lombok/eclipse/EclipseNode')}
  0x00000229c36bc438: 1749 b830 | 14f5 1c2a | 0200 0041 | 8088 1110 | 0000 01e9 | cc00 0000 

  0x00000229c36bc450: ;   {metadata('lombok/eclipse/EclipseNode')}
  0x00000229c36bc450: 48bb e80b | 62d7 2902 | 0000 8b4f | 0849 ba00 | 0000 d629 | 0200 0049 | 03ca 483b | d90f 858d 
  0x00000229c36bc470: ;   {metadata(method data for {method} {0x0000022a1cdb1120} 'traverse' '(Llombok/eclipse/EclipseASTVisitor;)V' in 'lombok/eclipse/EclipseNode')}
  0x00000229c36bc470: 0000 0049 | b830 14f5 | 1c2a 0200 | 008b 5f08 | 49ba 0000 | 00d6 2902 | 0000 4903 | da49 3b98 
  0x00000229c36bc490: 2810 0000 | 750d 4983 | 8030 1000 | 0001 e979 | 0000 0049 | 3b98 3810 | 0000 750d | 4983 8040 
  0x00000229c36bc4b0: 1000 0001 | e963 0000 | 0049 83b8 | 2810 0000 | 0075 1749 | 8998 2810 | 0000 49c7 | 8030 1000 
  0x00000229c36bc4d0: 0001 0000 | 00e9 4200 | 0000 4983 | b838 1000 | 0000 7517 | 4989 9838 | 1000 0049 | c780 4010 
  0x00000229c36bc4f0: 0000 0100 | 0000 e921 | 0000 00e9 | 1c00 0000 

  0x00000229c36bc500: ;   {metadata(method data for {method} {0x0000022a1cdb1120} 'traverse' '(Llombok/eclipse/EclipseASTVisitor;)V' in 'lombok/eclipse/EclipseNode')}
  0x00000229c36bc500: 49b8 3014 | f51c 2a02 | 0000 4983 | a818 1000 | 0001 e9b7 | 6600 00e9 | 0000 0000 

  0x00000229c36bc51c: ; implicit exception: dispatches to 0x00000229c36c2bd7
  0x00000229c36bc51c: 483b 0748 

  0x00000229c36bc520: ;   {metadata(method data for {method} {0x0000022a1cdb1120} 'traverse' '(Llombok/eclipse/EclipseASTVisitor;)V' in 'lombok/eclipse/EclipseNode')}
  0x00000229c36bc520: 8bcf 49b8 | 3014 f51c | 2a02 0000 | 8b49 0849 | ba00 0000 | d629 0200 | 0049 03ca | 493b 8860 
  0x00000229c36bc540: 1000 0075 | 0d49 8380 | 6810 0000 | 01e9 6000 | 0000 493b | 8870 1000 | 0075 0d49 | 8380 7810 
  0x00000229c36bc560: 0000 01e9 | 4a00 0000 | 4983 b860 | 1000 0000 | 7517 4989 | 8860 1000 | 0049 c780 | 6810 0000 
  0x00000229c36bc580: 0100 0000 | e929 0000 | 0049 83b8 | 7010 0000 | 0075 1749 | 8988 7010 | 0000 49c7 | 8078 1000 
  0x00000229c36bc5a0: 0001 0000 | 00e9 0800 | 0000 4983 | 8050 1000 | 0001 8b7f | 1048 3b07 

  0x00000229c36bc5b8: ;   {metadata(method data for {method} {0x0000022a1cdb1120} 'traverse' '(Llombok/eclipse/EclipseASTVisitor;)V' in 'lombok/eclipse/EclipseNode')}
  0x00000229c36bc5b8: 488b cf49 | b830 14f5 | 1c2a 0200 | 0049 8380 | 8810 0000 | 018b 7f0c 

  0x00000229c36bc5d0: ; implicit exception: dispatches to 0x00000229c36c2be1
  0x00000229c36bc5d0: 3b78 0c0f | 8312 6600 | 0048 63ff | 8b7c b810 

  0x00000229c36bc5e0: ;   {metadata(method data for {method} {0x0000022a1cdb1120} 'traverse' '(Llombok/eclipse/EclipseASTVisitor;)V' in 'lombok/eclipse/EclipseNode')}
  0x00000229c36bc5e0: 48b8 3014 | f51c 2a02 | 0000 48c7 | c1c8 1000 | 0083 ff02 | 4c8b c148 | c7c1 d810 | 0000 490f 
  0x00000229c36bc600: 45c8 83ff | 034c 8bc1 | 48c7 c1e8 | 1000 0049 | 0f45 c883 | ff04 4c8b | c148 c7c1 | f810 0000 
  0x00000229c36bc620: 490f 45c8 | 83ff 054c | 8bc1 48c7 | c108 1100 | 0049 0f45 | c883 ff06 | 4c8b c148 | c7c1 1811 
  0x00000229c36bc640: 0000 490f | 45c8 83ff | 074c 8bc1 | 48c7 c128 | 1100 0049 | 0f45 c883 | ff08 4c8b | c148 c7c1 
  0x00000229c36bc660: 3811 0000 | 490f 45c8 | 83ff 094c | 8bc1 48c7 | c148 1100 | 0049 0f45 | c883 ff0a | 4c8b c148 
  0x00000229c36bc680: c7c1 5811 | 0000 490f | 45c8 4c8b | 0408 49c7 | c201 0000 | 004d 03c2 | 4c89 0408 | 83ff 020f 
  0x00000229c36bc6a0: 842b 0900 | 0083 ff03 | 0f84 8a07 | 0000 83ff | 050f 84e4 | 0500 0083 | ff07 0f84 | eb29 0000 
  0x00000229c36bc6c0: 83ff 080f | 840a 2500 | 0083 ff0a | 0f84 2920 | 0000 660f | 1f44 0000 

  0x00000229c36bc6d8: ;   {no_reloc}
  0x00000229c36bc6d8: e92b 6500 | 0000 0000 | 0000 80ba | 3101 0000 | 040f 8528 | 6500 0049 | 8b87 b801 | 0000 488d 
  0x00000229c36bc6f8: 7828 493b | bfc8 0100 | 000f 8710 | 6500 0049 | 89bf b801 | 0000 48c7 | 0001 0000 | 0048 8bca 
  0x00000229c36bc718: 49ba 0000 | 00d6 2902 | 0000 492b | ca89 4808 | 4833 c989 | 480c 4833 | c948 8948 | 1048 8948 
  0x00000229c36bc738: 1848 8948 | 2048 8984 | 2498 0000 | 0066 6690 

  0x00000229c36bc748: ;   {no_reloc}
  0x00000229c36bc748: e9e6 6400 | 0000 0000 | 0000 498b | 87b8 0100 | 0048 8d78 | 1849 3bbf | c801 0000 | 0f87 d364 
  0x00000229c36bc768: 0000 4989 | bfb8 0100 | 0048 c700 | 0100 0000 | 488b ca49 | ba00 0000 | d629 0200 | 0049 2bca 
  0x00000229c36bc788: 8948 0848 | 33c9 8948 | 0c48 33c9 | 4889 4810 

  0x00000229c36bc798: ;   {metadata(method data for {method} {0x0000022a1cdb1120} 'traverse' '(Llombok/eclipse/EclipseASTVisitor;)V' in 'lombok/eclipse/EclipseNode')}
  0x00000229c36bc798: 4c8b c048 | ba30 14f5 | 1c2a 0200 | 0048 8382 | a01b 0000 

  0x00000229c36bc7ac: ;   {metadata(method data for {method} {0x00000229d6461a88} '<init>' '(Ljava/lang/String;)V' in 'java/lang/StringBuilder')}
  0x00000229c36bc7ac: 0149 b800 | 3d31 1a2a | 0200 0041 | 8b90 cc00 | 0000 83c2 | 0241 8990 | cc00 0000 | 81e2 feff 
  0x00000229c36bc7cc: 1f00 85d2 | 0f84 7464 | 0000 4c8b 

  0x00000229c36bc7d8: ;   {metadata(method data for {method} {0x00000229d6461a88} '<init>' '(Ljava/lang/String;)V' in 'java/lang/StringBuilder')}
  0x00000229c36bc7d8: c048 ba00 | 3d31 1a2a | 0200 0048 | 8382 1001 

  0x00000229c36bc7e8: ;   {oop("Annotation not expected as child of a "{0x00000000d5a6b0b8})}
  0x00000229c36bc7e8: 0000 0149 | b8b8 b0a6 | d500 0000 | 0048 8bd0 | 4889 8424 | 9000 0000 | 0f1f 8000 

  0x00000229c36bc804: ;   {optimized virtual_call}
  0x00000229c36bc804: 0000 00e8 

  0x00000229c36bc808: ; ImmutableOopMap {[112]=Oop [144]=Oop [152]=Oop }
                      ;*invokespecial <init> {reexecute=0 rethrow=0 return_oop=0}
                      ; - java.lang.StringBuilder::<init>@2
                      ; - lombok.eclipse.EclipseNode::traverse@669 (line 128)
  0x00000229c36bc808: 741f 7a06 

  0x00000229c36bc80c: ;   {other}
  0x00000229c36bc80c: 0f1f 8400 | fc16 0005 | 488b 5424 

  0x00000229c36bc818: ;   {metadata(method data for {method} {0x0000022a1cdb1120} 'traverse' '(Llombok/eclipse/EclipseASTVisitor;)V' in 'lombok/eclipse/EclipseNode')}
  0x00000229c36bc818: 7049 b830 | 14f5 1c2a | 0200 008b | 5208 49ba | 0000 00d6 | 2902 0000 | 4903 d249 | 3b90 c01b 
  0x00000229c36bc838: 0000 750d | 4983 80c8 | 1b00 0001 | e960 0000 | 0049 3b90 | d01b 0000 | 750d 4983 | 80d8 1b00 
  0x00000229c36bc858: 0001 e94a | 0000 0049 | 83b8 c01b | 0000 0075 | 1749 8990 | c01b 0000 | 49c7 80c8 | 1b00 0001 
  0x00000229c36bc878: 0000 00e9 | 2900 0000 | 4983 b8d0 | 1b00 0000 | 7517 4989 | 90d0 1b00 | 0049 c780 | d81b 0000 
  0x00000229c36bc898: 0100 0000 | e908 0000 | 0049 8380 | b01b 0000 

  0x00000229c36bc8a8: ;   {metadata(method data for {method} {0x0000022a1cda89d0} 'up' '()Llombok/core/LombokNode;' in 'lombok/core/LombokNode')}
  0x00000229c36bc8a8: 0149 b878 | dbfd 1c2a | 0200 0045 | 8b88 cc00 | 0000 4183 | c102 4589 | 88cc 0000 | 0041 81e1 
  0x00000229c36bc8c8: feff 1f00 | 4585 c90f | 8496 6300 | 0048 8b54 | 2470 448b 

  0x00000229c36bc8dc: ;   {metadata(method data for {method} {0x0000022a1cda89d0} 'up' '()Llombok/core/LombokNode;' in 'lombok/core/LombokNode')}
  0x00000229c36bc8dc: 421c 49b9 | 78db fd1c | 2a02 0000 | 41ff 8110 | 0100 00e9 | 8400 0000 | 0f1f 4000 

  0x00000229c36bc8f8: ; implicit exception: dispatches to 0x00000229c36c2c8c
  0x00000229c36bc8f8: 450f be48 | 0c45 85c9 | ba02 0000 | 0074 05ba | 0000 0000 

  0x00000229c36bc90c: ;   {metadata(method data for {method} {0x0000022a1cda89d0} 'up' '()Llombok/core/LombokNode;' in 'lombok/core/LombokNode')}
  0x00000229c36bc90c: 48be 78db | fd1c 2a02 | 0000 8bbe | d000 0000 | 03fa 89be | d000 0000 | 85d2 7505 | bf02 0000 
  0x00000229c36bc92c: 0081 e7fe | 3f00 0085 | ff0f 8456 | 6300 004d | 8b97 5804 

  0x00000229c36bc940: ; ImmutableOopMap {r8=Oop [144]=Oop [152]=Oop }
                      ;*ifeq {reexecute=1 rethrow=0 return_oop=0}
                      ; - (reexecute) lombok.core.LombokNode::up@21 (line 145)
                      ; - lombok.eclipse.EclipseNode::traverse@673 (line 128)
                      ;   {poll}
  0x00000229c36bc940: 0000 4185 | 0245 85c9 

  0x00000229c36bc948: ;   {metadata(method data for {method} {0x0000022a1cda89d0} 'up' '()Llombok/core/LombokNode;' in 'lombok/core/LombokNode')}
  0x00000229c36bc948: 49b9 78db | fd1c 2a02 | 0000 48c7 | c258 0100 | 0075 0748 | c7c2 4801 | 0000 498b | 3411 488d 
  0x00000229c36bc968: 7601 4989 | 3411 0f85 | 3300 0000 | 458b 401c 

  0x00000229c36bc978: ;   {metadata(method data for {method} {0x0000022a1cda89d0} 'up' '()Llombok/core/LombokNode;' in 'lombok/core/LombokNode')}
  0x00000229c36bc978: 4d85 c049 | b978 dbfd | 1c2a 0200 | 0048 c7c2 | 3801 0000 | 7507 48c7 | c228 0100 | 0049 8b34 
  0x00000229c36bc998: 1148 8d76 | 0149 8934 | 110f 8551 | ffff ff4d | 85c0 7516 

  0x00000229c36bc9ac: ;   {metadata(method data for {method} {0x0000022a1cdb1120} 'traverse' '(Llombok/eclipse/EclipseASTVisitor;)V' in 'lombok/eclipse/EclipseNode')}
  0x00000229c36bc9ac: 48ba 3014 | f51c 2a02 | 0000 808a | e11b 0000 | 01e9 ce00 

  0x00000229c36bc9c0: ;   {metadata('lombok/eclipse/EclipseNode')}
  0x00000229c36bc9c0: 0000 48be | e80b 62d7 | 2902 0000 | 458b 4808 | 49ba 0000 | 00d6 2902 | 0000 4d03 | ca49 3bf1 
  0x00000229c36bc9e0: 0f85 8e00 

  0x00000229c36bc9e4: ;   {metadata(method data for {method} {0x0000022a1cdb1120} 'traverse' '(Llombok/eclipse/EclipseASTVisitor;)V' in 'lombok/eclipse/EclipseNode')}
  0x00000229c36bc9e4: 0000 48ba | 3014 f51c | 2a02 0000 | 418b 7008 | 49ba 0000 | 00d6 2902 | 0000 4903 | f248 3bb2 
  0x00000229c36bca04: f81b 0000 | 750d 4883 | 8200 1c00 | 0001 e979 | 0000 0048 | 3bb2 081c | 0000 750d | 4883 8210 
  0x00000229c36bca24: 1c00 0001 | e963 0000 | 0048 83ba | f81b 0000 | 0075 1748 | 89b2 f81b | 0000 48c7 | 8200 1c00 
  0x00000229c36bca44: 0001 0000 | 00e9 4200 | 0000 4883 | ba08 1c00 | 0000 7517 | 4889 b208 | 1c00 0048 | c782 101c 
  0x00000229c36bca64: 0000 0100 | 0000 e921 | 0000 00e9 | 1c00 0000 

  0x00000229c36bca74: ;   {metadata(method data for {method} {0x0000022a1cdb1120} 'traverse' '(Llombok/eclipse/EclipseASTVisitor;)V' in 'lombok/eclipse/EclipseNode')}
  0x00000229c36bca74: 48ba 3014 | f51c 2a02 | 0000 4883 | aae8 1b00 | 0001 e927 | 6200 00e9 | 0000 0000 

  0x00000229c36bca90: ; implicit exception: dispatches to 0x00000229c36c2cbb
  0x00000229c36bca90: 493b 004d 

  0x00000229c36bca94: ;   {metadata(method data for {method} {0x0000022a1cdb1120} 'traverse' '(Llombok/eclipse/EclipseASTVisitor;)V' in 'lombok/eclipse/EclipseNode')}
  0x00000229c36bca94: 8bc8 48ba | 3014 f51c | 2a02 0000 | 458b 4908 | 49ba 0000 | 00d6 2902 | 0000 4d03 | ca4c 3b8a 
  0x00000229c36bcab4: 301c 0000 | 750d 4883 | 8238 1c00 | 0001 e960 | 0000 004c | 3b8a 401c | 0000 750d | 4883 8248 
  0x00000229c36bcad4: 1c00 0001 | e94a 0000 | 0048 83ba | 301c 0000 | 0075 174c | 898a 301c | 0000 48c7 | 8238 1c00 
  0x00000229c36bcaf4: 0001 0000 | 00e9 2900 | 0000 4883 | ba40 1c00 | 0000 7517 | 4c89 8a40 | 1c00 0048 | c782 481c 
  0x00000229c36bcb14: 0000 0100 | 0000 e908 | 0000 0048 | 8382 201c | 0000 0145 | 8b40 1048 | 8b84 2490 

  0x00000229c36bcb30: ;   {metadata(method data for {method} {0x0000022a1cdb1120} 'traverse' '(Llombok/eclipse/EclipseASTVisitor;)V' in 'lombok/eclipse/EclipseNode')}
  0x00000229c36bcb30: 0000 0049 | b930 14f5 | 1c2a 0200 | 0049 8381 | 581c 0000 

  0x00000229c36bcb44: ;   {metadata(method data for {method} {0x00000229d6461820} 'append' '(Ljava/lang/Object;)Ljava/lang/StringBuilder;' in 'java/lang/StringBuilder')}
  0x00000229c36bcb44: 0149 b970 | 6a0f 1a2a | 0200 0041 | 8b91 cc00 | 0000 83c2 | 0241 8991 | cc00 0000 | 81e2 feff 
  0x00000229c36bcb64: 1f00 85d2 | 0f84 5261 

  0x00000229c36bcb6c: ;   {metadata(method data for {method} {0x00000229d6461820} 'append' '(Ljava/lang/Object;)Ljava/lang/StringBuilder;' in 'java/lang/StringBuilder')}
  0x00000229c36bcb6c: 0000 49b9 | 706a 0f1a | 2a02 0000 | 4983 8110 | 0100 0001 

  0x00000229c36bcb80: ;   {metadata(method data for {method} {0x00000229d6454f60} 'valueOf' '(Ljava/lang/Object;)Ljava/lang/String;' in 'java/lang/String')}
  0x00000229c36bcb80: 49b9 106c | 0f1a 2a02 | 0000 418b | 91cc 0000 | 0083 c202 | 4189 91cc | 0000 0081 | e2fe ff1f 
  0x00000229c36bcba0: 0085 d20f | 8438 6100 | 004d 85c0 

  0x00000229c36bcbac: ;   {metadata(method data for {method} {0x00000229d6454f60} 'valueOf' '(Ljava/lang/Object;)Ljava/lang/String;' in 'java/lang/String')}
  0x00000229c36bcbac: 49b9 106c | 0f1a 2a02 | 0000 48c7 | c210 0100 | 0075 0748 | c7c2 2001 | 0000 498b | 3411 488d 
  0x00000229c36bcbcc: 7601 4989 | 3411 0f85 | 2000 0000 

  0x00000229c36bcbd8: ;   {metadata(method data for {method} {0x00000229d6454f60} 'valueOf' '(Ljava/lang/Object;)Ljava/lang/String;' in 'java/lang/String')}
  0x00000229c36bcbd8: 49b8 106c | 0f1a 2a02 | 0000 41ff | 8030 0100 

  0x00000229c36bcbe8: ;   {oop("null"{0x0000000080000458})}
  0x00000229c36bcbe8: 0048 be58 | 0400 8000 | 0000 00e9 | 855a 0000 

  0x00000229c36bcbf8: ; implicit exception: dispatches to 0x00000229c36c2d02
  0x00000229c36bcbf8: 493b 004d 

  0x00000229c36bcbfc: ;   {metadata(method data for {method} {0x00000229d6454f60} 'valueOf' '(Ljava/lang/Object;)Ljava/lang/String;' in 'java/lang/String')}
  0x00000229c36bcbfc: 8bc8 48ba | 106c 0f1a | 2a02 0000 | 458b 4908 | 49ba 0000 | 00d6 2902 | 0000 4d03 | ca4c 3b8a 
  0x00000229c36bcc1c: 5801 0000 | 750d 4883 | 8260 0100 | 0001 e960 | 0000 004c | 3b8a 6801 | 0000 750d | 4883 8270 
  0x00000229c36bcc3c: 0100 0001 | e94a 0000 | 0048 83ba | 5801 0000 | 0075 174c | 898a 5801 | 0000 48c7 | 8260 0100 
  0x00000229c36bcc5c: 0001 0000 | 00e9 2900 | 0000 4883 | ba68 0100 | 0000 7517 | 4c89 8a68 | 0100 0048 | c782 7001 
  0x00000229c36bcc7c: 0000 0100 | 0000 e908 | 0000 0048 | 8382 4801 | 0000 0145 | 8b40 1449 | 8bf0 e9e2 | 5900 004c 
  0x00000229c36bcc9c: ;   {metadata(method data for {method} {0x0000022a1cdb1120} 'traverse' '(Llombok/eclipse/EclipseASTVisitor;)V' in 'lombok/eclipse/EclipseNode')}
  0x00000229c36bcc9c: 8bc2 49b9 | 3014 f51c | 2a02 0000 | 458b 4008 | 49ba 0000 | 00d6 2902 | 0000 4d03 | c24d 3b81 
  0x00000229c36bccbc: c014 0000 | 750d 4983 | 81c8 1400 | 0001 e960 | 0000 004d | 3b81 d014 | 0000 750d | 4983 81d8 
  0x00000229c36bccdc: 1400 0001 | e94a 0000 | 0049 83b9 | c014 0000 | 0075 174d | 8981 c014 | 0000 49c7 | 81c8 1400 
  0x00000229c36bccfc: 0001 0000 | 00e9 2900 | 0000 4983 | b9d0 1400 | 0000 7517 | 4d89 81d0 | 1400 0049 | c781 d814 
  0x00000229c36bcd1c: 0000 0100 | 0000 e908 | 0000 0049 | 8381 b014 

  0x00000229c36bcd2c: ;   {metadata(method data for {method} {0x0000022a1cda89d0} 'up' '()Llombok/core/LombokNode;' in 'lombok/core/LombokNode')}
  0x00000229c36bcd2c: 0000 0149 | b878 dbfd | 1c2a 0200 | 0045 8b88 | cc00 0000 | 4183 c102 | 4589 88cc | 0000 0041 
  0x00000229c36bcd4c: 81e1 feff | 1f00 4585 | c90f 84ac 

  0x00000229c36bcd58: ;   {metadata(method data for {method} {0x0000022a1cda89d0} 'up' '()Llombok/core/LombokNode;' in 'lombok/core/LombokNode')}
  0x00000229c36bcd58: 5f00 0049 | b878 dbfd | 1c2a 0200 | 0041 ff80 | 1001 0000 | e98e 0000 | 000f 1f80 | 0000 0000 
  0x00000229c36bcd78: ; implicit exception: dispatches to 0x00000229c36c2d28
  0x00000229c36bcd78: 440f be46 | 0c45 85c0 | 41b9 0200 | 0000 7406 | 41b9 0000 

  0x00000229c36bcd8c: ;   {metadata(method data for {method} {0x0000022a1cda89d0} 'up' '()Llombok/core/LombokNode;' in 'lombok/core/LombokNode')}
  0x00000229c36bcd8c: 0000 48bf | 78db fd1c | 2a02 0000 | 8b9f d000 | 0000 4103 | d989 9fd0 | 0000 0045 | 85c9 7505 
  0x00000229c36bcdac: bb02 0000 | 0081 e3fe | 3f00 0085 | db0f 846e | 5f00 004d | 8b97 5804 

  0x00000229c36bcdc4: ; ImmutableOopMap {rdx=Oop rsi=Oop [112]=Oop [120]=Oop }
                      ;*ifeq {reexecute=1 rethrow=0 return_oop=0}
                      ; - (reexecute) lombok.core.LombokNode::up@21 (line 145)
                      ; - lombok.eclipse.EclipseNode::traverse@522 (line 113)
                      ;   {poll}
  0x00000229c36bcdc4: 0000 4185 | 0245 85c0 

  0x00000229c36bcdcc: ;   {metadata(method data for {method} {0x0000022a1cda89d0} 'up' '()Llombok/core/LombokNode;' in 'lombok/core/LombokNode')}
  0x00000229c36bcdcc: 49b8 78db | fd1c 2a02 | 0000 49c7 | c158 0100 | 0075 0749 | c7c1 4801 | 0000 4b8b | 3c08 488d 
  0x00000229c36bcdec: 7f01 4b89 | 3c08 0f85 | 3600 0000 | 448b 461c | 498b f048 

  0x00000229c36bce00: ;   {metadata(method data for {method} {0x0000022a1cda89d0} 'up' '()Llombok/core/LombokNode;' in 'lombok/core/LombokNode')}
  0x00000229c36bce00: 85f6 49b8 | 78db fd1c | 2a02 0000 | 49c7 c138 | 0100 0075 | 0749 c7c1 | 2801 0000 | 4b8b 3c08 
  0x00000229c36bce20: 488d 7f01 | 4b89 3c08 | 0f85 4aff | ffff 488b | 5c24 78e9 | f313 0000 

  0x00000229c36bce38: ;   {metadata(method data for {method} {0x0000022a1cdb1120} 'traverse' '(Llombok/eclipse/EclipseASTVisitor;)V' in 'lombok/eclipse/EclipseNode')}
  0x00000229c36bce38: 4c8b c249 | b930 14f5 | 1c2a 0200 | 0045 8b40 | 0849 ba00 | 0000 d629 | 0200 004d | 03c2 4d3b 
  0x00000229c36bce58: 8120 1300 | 0075 0d49 | 8381 2813 | 0000 01e9 | 6000 0000 | 4d3b 8130 | 1300 0075 | 0d49 8381 
  0x00000229c36bce78: 3813 0000 | 01e9 4a00 | 0000 4983 | b920 1300 | 0000 7517 | 4d89 8120 | 1300 0049 | c781 2813 
  0x00000229c36bce98: 0000 0100 | 0000 e929 | 0000 0049 | 83b9 3013 | 0000 0075 | 174d 8981 | 3013 0000 | 49c7 8138 
  0x00000229c36bceb8: 1300 0001 | 0000 00e9 | 0800 0000 | 4983 8110 | 1300 0001 

  0x00000229c36bcecc: ;   {metadata(method data for {method} {0x0000022a1cda89d0} 'up' '()Llombok/core/LombokNode;' in 'lombok/core/LombokNode')}
  0x00000229c36bcecc: 49b8 78db | fd1c 2a02 | 0000 458b | 88cc 0000 | 0041 83c1 | 0245 8988 | cc00 0000 | 4181 e1fe 
  0x00000229c36bceec: ff1f 0045 | 85c9 0f84 | 565e 0000 

  0x00000229c36bcef8: ;   {metadata(method data for {method} {0x0000022a1cda89d0} 'up' '()Llombok/core/LombokNode;' in 'lombok/core/LombokNode')}
  0x00000229c36bcef8: 49b8 78db | fd1c 2a02 | 0000 41ff | 8010 0100 | 00e9 8900 | 0000 6690 

  0x00000229c36bcf10: ; implicit exception: dispatches to 0x00000229c36c2d6f
  0x00000229c36bcf10: 440f be46 | 0c45 85c0 | 41b9 0200 | 0000 7406 | 41b9 0000 

  0x00000229c36bcf24: ;   {metadata(method data for {method} {0x0000022a1cda89d0} 'up' '()Llombok/core/LombokNode;' in 'lombok/core/LombokNode')}
  0x00000229c36bcf24: 0000 48bf | 78db fd1c | 2a02 0000 | 8b9f d000 | 0000 4103 | d989 9fd0 | 0000 0045 | 85c9 7505 
  0x00000229c36bcf44: bb02 0000 | 0081 e3fe | 3f00 0085 | db0f 841d | 5e00 004d | 8b97 5804 

  0x00000229c36bcf5c: ; ImmutableOopMap {rdx=Oop rsi=Oop [112]=Oop [120]=Oop }
                      ;*ifeq {reexecute=1 rethrow=0 return_oop=0}
                      ; - (reexecute) lombok.core.LombokNode::up@21 (line 145)
                      ; - lombok.eclipse.EclipseNode::traverse@492 (line 110)
                      ;   {poll}
  0x00000229c36bcf5c: 0000 4185 | 0245 85c0 

  0x00000229c36bcf64: ;   {metadata(method data for {method} {0x0000022a1cda89d0} 'up' '()Llombok/core/LombokNode;' in 'lombok/core/LombokNode')}
  0x00000229c36bcf64: 49b8 78db | fd1c 2a02 | 0000 49c7 | c158 0100 | 0075 0749 | c7c1 4801 | 0000 4b8b | 3c08 488d 
  0x00000229c36bcf84: 7f01 4b89 | 3c08 0f85 | 3600 0000 | 448b 461c | 498b f048 

  0x00000229c36bcf98: ;   {metadata(method data for {method} {0x0000022a1cda89d0} 'up' '()Llombok/core/LombokNode;' in 'lombok/core/LombokNode')}
  0x00000229c36bcf98: 85f6 49b8 | 78db fd1c | 2a02 0000 | 49c7 c138 | 0100 0075 | 0749 c7c1 | 2801 0000 | 4b8b 3c08 
  0x00000229c36bcfb8: 488d 7f01 | 4b89 3c08 | 0f85 4aff | ffff 488b | 5c24 78e9 | 8b0d 0000 

  0x00000229c36bcfd0: ;   {metadata(method data for {method} {0x0000022a1cdb1120} 'traverse' '(Llombok/eclipse/EclipseASTVisitor;)V' in 'lombok/eclipse/EclipseNode')}
  0x00000229c36bcfd0: 4c8b c249 | b930 14f5 | 1c2a 0200 | 0045 8b40 | 0849 ba00 | 0000 d629 | 0200 004d | 03c2 4d3b 
  0x00000229c36bcff0: 8180 1100 | 0075 0d49 | 8381 8811 | 0000 01e9 | 6000 0000 | 4d3b 8190 | 1100 0075 | 0d49 8381 
  0x00000229c36bd010: 9811 0000 | 01e9 4a00 | 0000 4983 | b980 1100 | 0000 7517 | 4d89 8180 | 1100 0049 | c781 8811 
  0x00000229c36bd030: 0000 0100 | 0000 e929 | 0000 0049 | 83b9 9011 | 0000 0075 | 174d 8981 | 9011 0000 | 49c7 8198 
  0x00000229c36bd050: 1100 0001 | 0000 00e9 | 0800 0000 | 4983 8170 | 1100 0001 

  0x00000229c36bd064: ;   {metadata(method data for {method} {0x0000022a1cda89d0} 'up' '()Llombok/core/LombokNode;' in 'lombok/core/LombokNode')}
  0x00000229c36bd064: 49b8 78db | fd1c 2a02 | 0000 458b | 88cc 0000 | 0041 83c1 | 0245 8988 | cc00 0000 | 4181 e1fe 
  0x00000229c36bd084: ff1f 0045 | 85c9 0f84 | 055d 0000 

  0x00000229c36bd090: ;   {metadata(method data for {method} {0x0000022a1cda89d0} 'up' '()Llombok/core/LombokNode;' in 'lombok/core/LombokNode')}
  0x00000229c36bd090: 49b8 78db | fd1c 2a02 | 0000 41ff | 8010 0100 | 00e9 8900 | 0000 6690 

  0x00000229c36bd0a8: ; implicit exception: dispatches to 0x00000229c36c2db6
  0x00000229c36bd0a8: 440f be46 | 0c45 85c0 | 41b9 0200 | 0000 7406 | 41b9 0000 

  0x00000229c36bd0bc: ;   {metadata(method data for {method} {0x0000022a1cda89d0} 'up' '()Llombok/core/LombokNode;' in 'lombok/core/LombokNode')}
  0x00000229c36bd0bc: 0000 48bf | 78db fd1c | 2a02 0000 | 8b9f d000 | 0000 4103 | d989 9fd0 | 0000 0045 | 85c9 7505 
  0x00000229c36bd0dc: bb02 0000 | 0081 e3fe | 3f00 0085 | db0f 84cc | 5c00 004d | 8b97 5804 

  0x00000229c36bd0f4: ; ImmutableOopMap {rdx=Oop rsi=Oop [112]=Oop [120]=Oop }
                      ;*ifeq {reexecute=1 rethrow=0 return_oop=0}
                      ; - (reexecute) lombok.core.LombokNode::up@21 (line 145)
                      ; - lombok.eclipse.EclipseNode::traverse@462 (line 107)
                      ;   {poll}
  0x00000229c36bd0f4: 0000 4185 | 0245 85c0 

  0x00000229c36bd0fc: ;   {metadata(method data for {method} {0x0000022a1cda89d0} 'up' '()Llombok/core/LombokNode;' in 'lombok/core/LombokNode')}
  0x00000229c36bd0fc: 49b8 78db | fd1c 2a02 | 0000 49c7 | c158 0100 | 0075 0749 | c7c1 4801 | 0000 4b8b | 3c08 488d 
  0x00000229c36bd11c: 7f01 4b89 | 3c08 0f85 | 3600 0000 | 448b 461c | 498b f048 

  0x00000229c36bd130: ;   {metadata(method data for {method} {0x0000022a1cda89d0} 'up' '()Llombok/core/LombokNode;' in 'lombok/core/LombokNode')}
  0x00000229c36bd130: 85f6 49b8 | 78db fd1c | 2a02 0000 | 49c7 c138 | 0100 0075 | 0749 c7c1 | 2801 0000 | 4b8b 3c08 
  0x00000229c36bd150: 488d 7f01 | 4b89 3c08 | 0f85 4aff | ffff 4c8b | 4424 78e9 | 2307 0000 

  0x00000229c36bd168: ;   {metadata(method data for {method} {0x0000022a1cdb1120} 'traverse' '(Llombok/eclipse/EclipseASTVisitor;)V' in 'lombok/eclipse/EclipseNode')}
  0x00000229c36bd168: 4c8b c249 | b930 14f5 | 1c2a 0200 | 0045 8b40 | 0849 ba00 | 0000 d629 | 0200 004d | 03c2 4d3b 
  0x00000229c36bd188: 8190 0900 | 0075 0d49 | 8381 9809 | 0000 01e9 | 6000 0000 | 4d3b 81a0 | 0900 0075 | 0d49 8381 
  0x00000229c36bd1a8: a809 0000 | 01e9 4a00 | 0000 4983 | b990 0900 | 0000 7517 | 4d89 8190 | 0900 0049 | c781 9809 
  0x00000229c36bd1c8: 0000 0100 | 0000 e929 | 0000 0049 | 83b9 a009 | 0000 0075 | 174d 8981 | a009 0000 | 49c7 81a8 
  0x00000229c36bd1e8: 0900 0001 | 0000 00e9 | 0800 0000 | 4983 8180 | 0900 0001 | 448b 4214 | 4d85 c075 

  0x00000229c36bd204: ;   {metadata(method data for {method} {0x0000022a1cdb1120} 'traverse' '(Llombok/eclipse/EclipseASTVisitor;)V' in 'lombok/eclipse/EclipseNode')}
  0x00000229c36bd204: 1648 bf30 | 14f5 1c2a | 0200 0080 | 8fb1 0900 | 0001 e9ce 

  0x00000229c36bd218: ;   {metadata('org/eclipse/jdt/internal/compiler/ast/Clinit')}
  0x00000229c36bd218: 0000 0048 | bb40 d961 | d729 0200 | 0041 8b70 | 0849 ba00 | 0000 d629 | 0200 0049 | 03f2 483b 
  0x00000229c36bd238: de0f 858e 

  0x00000229c36bd23c: ;   {metadata(method data for {method} {0x0000022a1cdb1120} 'traverse' '(Llombok/eclipse/EclipseASTVisitor;)V' in 'lombok/eclipse/EclipseNode')}
  0x00000229c36bd23c: 0000 0048 | bf30 14f5 | 1c2a 0200 | 0041 8b58 | 0849 ba00 | 0000 d629 | 0200 0049 | 03da 483b 
  0x00000229c36bd25c: 9fc8 0900 | 0075 0d48 | 8387 d009 | 0000 01e9 | 7e00 0000 | 483b 9fd8 | 0900 0075 | 0d48 8387 
  0x00000229c36bd27c: e009 0000 | 01e9 6800 | 0000 4883 | bfc8 0900 | 0000 7517 | 4889 9fc8 | 0900 0048 | c787 d009 
  0x00000229c36bd29c: 0000 0100 | 0000 e947 | 0000 0048 | 83bf d809 | 0000 0075 | 1748 899f | d809 0000 | 48c7 87e0 
  0x00000229c36bd2bc: 0900 0001 | 0000 00e9 | 2600 0000 | e921 0000 

  0x00000229c36bd2cc: ;   {metadata(method data for {method} {0x0000022a1cdb1120} 'traverse' '(Llombok/eclipse/EclipseASTVisitor;)V' in 'lombok/eclipse/EclipseNode')}
  0x00000229c36bd2cc: 0048 bf30 | 14f5 1c2a | 0200 0048 | 83af b809 | 0000 01e9 | 0500 0000 | e905 0000 | 004d 33c9 
  0x00000229c36bd2ec: eb07 49c7 | c101 0000 | 0045 85c9 

  0x00000229c36bd2f8: ;   {metadata(method data for {method} {0x0000022a1cdb1120} 'traverse' '(Llombok/eclipse/EclipseASTVisitor;)V' in 'lombok/eclipse/EclipseNode')}
  0x00000229c36bd2f8: 49b9 3014 | f51c 2a02 | 0000 48c7 | c6f0 0900 | 0074 0748 | c7c6 000a | 0000 498b | 3c31 488d 
  0x00000229c36bd318: 7f01 4989 | 3c31 0f84 | 1600 0000 | 4881 c4c0 | 0000 005d 

  0x00000229c36bd32c: ;   {poll_return}
  0x00000229c36bd32c: 493b a750 | 0400 000f | 87a3 5a00 | 00c3 488b | 7424 784c 

  0x00000229c36bd340: ;   {metadata(method data for {method} {0x0000022a1cdb1120} 'traverse' '(Llombok/eclipse/EclipseASTVisitor;)V' in 'lombok/eclipse/EclipseNode')}
  0x00000229c36bd340: 8bca 48bf | 3014 f51c | 2a02 0000 | 458b 4908 | 49ba 0000 | 00d6 2902 | 0000 4d03 | ca4c 3b8f 
  0x00000229c36bd360: 200a 0000 | 750d 4883 | 8728 0a00 | 0001 e960 | 0000 004c | 3b8f 300a | 0000 750d | 4883 8738 
  0x00000229c36bd380: 0a00 0001 | e94a 0000 | 0048 83bf | 200a 0000 | 0075 174c | 898f 200a | 0000 48c7 | 8728 0a00 
  0x00000229c36bd3a0: 0001 0000 | 00e9 2900 | 0000 4883 | bf30 0a00 | 0000 7517 | 4c89 8f30 | 0a00 0048 | c787 380a 
  0x00000229c36bd3c0: 0000 0100 | 0000 e908 | 0000 0048 | 8387 100a | 0000 014d | 85c0 7516 

  0x00000229c36bd3d8: ;   {metadata(method data for {method} {0x0000022a1cdb1120} 'traverse' '(Llombok/eclipse/EclipseASTVisitor;)V' in 'lombok/eclipse/EclipseNode')}
  0x00000229c36bd3d8: 48bf 3014 | f51c 2a02 | 0000 808f | 410a 0000 | 01e9 cf00 

  0x00000229c36bd3ec: ;   {metadata('org/eclipse/jdt/internal/compiler/ast/AbstractMethodDeclaration')}
  0x00000229c36bd3ec: 0000 48bb | 0817 2dd7 | 2902 0000 | 418b 7808 | 49ba 0000 | 00d6 2902 | 0000 4903 | fa48 3b5f 
  0x00000229c36bd40c: 400f 858e 

  0x00000229c36bd410: ;   {metadata(method data for {method} {0x0000022a1cdb1120} 'traverse' '(Llombok/eclipse/EclipseASTVisitor;)V' in 'lombok/eclipse/EclipseNode')}
  0x00000229c36bd410: 0000 0048 | bf30 14f5 | 1c2a 0200 | 0041 8b58 | 0849 ba00 | 0000 d629 | 0200 0049 | 03da 483b 
  0x00000229c36bd430: 9f58 0a00 | 0075 0d48 | 8387 600a | 0000 01e9 | 7900 0000 | 483b 9f68 | 0a00 0075 | 0d48 8387 
  0x00000229c36bd450: 700a 0000 | 01e9 6300 | 0000 4883 | bf58 0a00 | 0000 7517 | 4889 9f58 | 0a00 0048 | c787 600a 
  0x00000229c36bd470: 0000 0100 | 0000 e942 | 0000 0048 | 83bf 680a | 0000 0075 | 1748 899f | 680a 0000 | 48c7 8770 
  0x00000229c36bd490: 0a00 0001 | 0000 00e9 | 2100 0000 | e91c 0000 

  0x00000229c36bd4a0: ;   {metadata(method data for {method} {0x0000022a1cdb1120} 'traverse' '(Llombok/eclipse/EclipseASTVisitor;)V' in 'lombok/eclipse/EclipseNode')}
  0x00000229c36bd4a0: 0048 bf30 | 14f5 1c2a | 0200 0048 | 83af 480a | 0000 01e9 | 3a59 0000 | e900 0000 | 0048 85f6 
  0x00000229c36bd4c0: 0f84 2900 

  0x00000229c36bd4c4: ;   {metadata('lombok/eclipse/EclipseASTAdapter')}
  0x00000229c36bd4c4: 0000 48bb | 30cb 63d7 | 2902 0000 | 8b7e 0849 | ba00 0000 | d629 0200 | 0049 03fa | 483b 5f38 
  0x00000229c36bd4e4: 0f85 1159 | 0000 e900 | 0000 004c | 8bc6 4c8b 

  0x00000229c36bd4f4: ;   {metadata(method data for {method} {0x0000022a1cdb1120} 'traverse' '(Llombok/eclipse/EclipseASTVisitor;)V' in 'lombok/eclipse/EclipseNode')}
  0x00000229c36bd4f4: c649 b930 | 14f5 1c2a | 0200 0045 | 8b40 0849 | ba00 0000 | d629 0200 | 004d 03c2 | 4d3b 8190 
  0x00000229c36bd514: 0a00 0075 | 0d49 8381 | 980a 0000 | 01e9 6000 | 0000 4d3b | 81a0 0a00 | 0075 0d49 | 8381 a80a 
  0x00000229c36bd534: 0000 01e9 | 4a00 0000 | 4983 b990 | 0a00 0000 | 7517 4d89 | 8190 0a00 | 0049 c781 | 980a 0000 
  0x00000229c36bd554: 0100 0000 | e929 0000 | 0049 83b9 | a00a 0000 | 0075 174d | 8981 a00a | 0000 49c7 | 81a8 0a00 
  0x00000229c36bd574: 0001 0000 | 00e9 0800 | 0000 4983 | 8180 0a00 

  0x00000229c36bd584: ;   {metadata(method data for {method} {0x0000022a1ceb5050} 'visitMethod' '(Llombok/eclipse/EclipseNode;Lorg/eclipse/jdt/internal/compiler/ast/AbstractMethodDeclaration;)V' in 'lombok/eclipse/EclipseASTAdapter')}
  0x00000229c36bd584: 0001 49b8 | 08d9 fd1c | 2a02 0000 | 458b 88cc | 0000 0041 | 83c1 0245 | 8988 cc00 | 0000 4181 
  0x00000229c36bd5a4: e1fe ff1f | 0045 85c9 | 0f84 4e58 | 0000 8b7a | 2048 3b07 

  0x00000229c36bd5b8: ;   {metadata(method data for {method} {0x0000022a1cdb1120} 'traverse' '(Llombok/eclipse/EclipseASTVisitor;)V' in 'lombok/eclipse/EclipseNode')}
  0x00000229c36bd5b8: 4c8b c749 | b930 14f5 | 1c2a 0200 | 0049 8381 | d00a 0000 | 014c 8bc6 | 4c8b ca48 

  0x00000229c36bd5d4: ;   {optimized virtual_call}
  0x00000229c36bd5d4: 8bd7 90e8 

  0x00000229c36bd5d8: ; ImmutableOopMap {[112]=Oop [120]=Oop }
                      ;*invokevirtual traverseChildren {reexecute=0 rethrow=0 return_oop=0}
                      ; - lombok.eclipse.EclipseNode::traverse@275 (line 90)
  0x00000229c36bd5d8: c4af ffff 

  0x00000229c36bd5dc: ;   {other}
  0x00000229c36bd5dc: 0f1f 8400 | cc24 000a | 488b 5424 

  0x00000229c36bd5e8: ;   {metadata(method data for {method} {0x0000022a1cdb1120} 'traverse' '(Llombok/eclipse/EclipseASTVisitor;)V' in 'lombok/eclipse/EclipseNode')}
  0x00000229c36bd5e8: 7049 b830 | 14f5 1c2a | 0200 008b | 5208 49ba | 0000 00d6 | 2902 0000 | 4903 d249 | 3b90 000b 
  0x00000229c36bd608: 0000 750d | 4983 8008 | 0b00 0001 | e960 0000 | 0049 3b90 | 100b 0000 | 750d 4983 | 8018 0b00 
  0x00000229c36bd628: 0001 e94a | 0000 0049 | 83b8 000b | 0000 0075 | 1749 8990 | 000b 0000 | 49c7 8008 | 0b00 0001 
  0x00000229c36bd648: 0000 00e9 | 2900 0000 | 4983 b810 | 0b00 0000 | 7517 4989 | 9010 0b00 | 0049 c780 | 180b 0000 
  0x00000229c36bd668: 0100 0000 | e908 0000 | 0049 8380 | f00a 0000 | 0148 8b54 | 2470 448b | 4214 4d85 

  0x00000229c36bd684: ;   {metadata(method data for {method} {0x0000022a1cdb1120} 'traverse' '(Llombok/eclipse/EclipseASTVisitor;)V' in 'lombok/eclipse/EclipseNode')}
  0x00000229c36bd684: c075 1648 | bf30 14f5 | 1c2a 0200 | 0080 8f21 | 0b00 0001 | e9cf 0000 

  0x00000229c36bd69c: ;   {metadata('org/eclipse/jdt/internal/compiler/ast/AbstractMethodDeclaration')}
  0x00000229c36bd69c: 0048 ba08 | 172d d729 | 0200 0041 | 8b78 0849 | ba00 0000 | d629 0200 | 0049 03fa | 483b 5740 
  0x00000229c36bd6bc: 0f85 8e00 

  0x00000229c36bd6c0: ;   {metadata(method data for {method} {0x0000022a1cdb1120} 'traverse' '(Llombok/eclipse/EclipseASTVisitor;)V' in 'lombok/eclipse/EclipseNode')}
  0x00000229c36bd6c0: 0000 48bf | 3014 f51c | 2a02 0000 | 418b 5008 | 49ba 0000 | 00d6 2902 | 0000 4903 | d248 3b97 
  0x00000229c36bd6e0: 380b 0000 | 750d 4883 | 8740 0b00 | 0001 e979 | 0000 0048 | 3b97 480b | 0000 750d | 4883 8750 
  0x00000229c36bd700: 0b00 0001 | e963 0000 | 0048 83bf | 380b 0000 | 0075 1748 | 8997 380b | 0000 48c7 | 8740 0b00 
  0x00000229c36bd720: 0001 0000 | 00e9 4200 | 0000 4883 | bf48 0b00 | 0000 7517 | 4889 9748 | 0b00 0048 | c787 500b 
  0x00000229c36bd740: 0000 0100 | 0000 e921 | 0000 00e9 | 1c00 0000 

  0x00000229c36bd750: ;   {metadata(method data for {method} {0x0000022a1cdb1120} 'traverse' '(Llombok/eclipse/EclipseASTVisitor;)V' in 'lombok/eclipse/EclipseNode')}
  0x00000229c36bd750: 48bf 3014 | f51c 2a02 | 0000 4883 | af28 0b00 | 0001 e9bf | 5600 00e9 | 0000 0000 | 4c8b 4424 
  0x00000229c36bd770: 784d 85c0 | 0f84 2a00 

  0x00000229c36bd778: ;   {metadata('lombok/eclipse/EclipseASTAdapter')}
  0x00000229c36bd778: 0000 48be | 30cb 63d7 | 2902 0000 | 418b 5008 | 49ba 0000 | 00d6 2902 | 0000 4903 | d248 3b72 
  0x00000229c36bd798: 380f 8590 | 5600 00e9 | 0000 0000 

  0x00000229c36bd7a4: ;   {metadata(method data for {method} {0x0000022a1cdb1120} 'traverse' '(Llombok/eclipse/EclipseASTVisitor;)V' in 'lombok/eclipse/EclipseNode')}
  0x00000229c36bd7a4: 4d8b c849 | b930 14f5 | 1c2a 0200 | 0045 8b40 | 0849 ba00 | 0000 d629 | 0200 004d | 03c2 4d3b 
  0x00000229c36bd7c4: 8170 0b00 | 0075 0d49 | 8381 780b | 0000 01e9 | 6000 0000 | 4d3b 8180 | 0b00 0075 | 0d49 8381 
  0x00000229c36bd7e4: 880b 0000 | 01e9 4a00 | 0000 4983 | b970 0b00 | 0000 7517 | 4d89 8170 | 0b00 0049 | c781 780b 
  0x00000229c36bd804: 0000 0100 | 0000 e929 | 0000 0049 | 83b9 800b | 0000 0075 | 174d 8981 | 800b 0000 | 49c7 8188 
  0x00000229c36bd824: 0b00 0001 | 0000 00e9 | 0800 0000 | 4983 8160 | 0b00 0001 

  0x00000229c36bd838: ;   {metadata(method data for {method} {0x0000022a1ceb51d8} 'endVisitMethod' '(Llombok/eclipse/EclipseNode;Lorg/eclipse/jdt/internal/compiler/ast/AbstractMethodDeclaration;)V' in 'lombok/eclipse/EclipseASTAdapter')}
  0x00000229c36bd838: 49b8 40da | fd1c 2a02 | 0000 458b | 88cc 0000 | 0041 83c1 | 0245 8988 | cc00 0000 | 4181 e1fe 
  0x00000229c36bd858: ff1f 0045 | 85c9 0f84 | d055 0000 

  0x00000229c36bd864: ;   {metadata(method data for {method} {0x0000022a1cdb1120} 'traverse' '(Llombok/eclipse/EclipseASTVisitor;)V' in 'lombok/eclipse/EclipseNode')}
  0x00000229c36bd864: 49b8 3014 | f51c 2a02 | 0000 41ff | 8098 0b00 | 0048 81c4 | c000 0000 

  0x00000229c36bd87c: ;   {poll_return}
  0x00000229c36bd87c: 5d49 3ba7 | 5004 0000 | 0f87 cb55 | 0000 c348 | 85f6 7517 

  0x00000229c36bd890: ;   {metadata(method data for {method} {0x0000022a1cdb1120} 'traverse' '(Llombok/eclipse/EclipseASTVisitor;)V' in 'lombok/eclipse/EclipseNode')}
  0x00000229c36bd890: 49b9 3014 | f51c 2a02 | 0000 4180 | 89a1 1100 | 0001 e9cc 

  0x00000229c36bd8a4: ;   {metadata('lombok/eclipse/EclipseNode')}
  0x00000229c36bd8a4: 0000 0048 | bbe8 0b62 | d729 0200 | 008b 7e08 | 49ba 0000 | 00d6 2902 | 0000 4903 | fa48 3bdf 
  0x00000229c36bd8c4: 0f85 8d00 

  0x00000229c36bd8c8: ;   {metadata(method data for {method} {0x0000022a1cdb1120} 'traverse' '(Llombok/eclipse/EclipseASTVisitor;)V' in 'lombok/eclipse/EclipseNode')}
  0x00000229c36bd8c8: 0000 49b9 | 3014 f51c | 2a02 0000 | 8b5e 0849 | ba00 0000 | d629 0200 | 0049 03da | 493b 99b8 
  0x00000229c36bd8e8: 1100 0075 | 0d49 8381 | c011 0000 | 01e9 7900 | 0000 493b | 99c8 1100 | 0075 0d49 | 8381 d011 
  0x00000229c36bd908: 0000 01e9 | 6300 0000 | 4983 b9b8 | 1100 0000 | 7517 4989 | 99b8 1100 | 0049 c781 | c011 0000 
  0x00000229c36bd928: 0100 0000 | e942 0000 | 0049 83b9 | c811 0000 | 0075 1749 | 8999 c811 | 0000 49c7 | 81d0 1100 
  0x00000229c36bd948: 0001 0000 | 00e9 2100 | 0000 e91c 

  0x00000229c36bd954: ;   {metadata(method data for {method} {0x0000022a1cdb1120} 'traverse' '(Llombok/eclipse/EclipseASTVisitor;)V' in 'lombok/eclipse/EclipseNode')}
  0x00000229c36bd954: 0000 0049 | b930 14f5 | 1c2a 0200 | 0049 83a9 | a811 0000 | 01e9 fd54 | 0000 e900 | 0000 004c 
  0x00000229c36bd974: 8bce 493b | 0149 8bf9 

  0x00000229c36bd97c: ;   {metadata(method data for {method} {0x0000022a1cdb1120} 'traverse' '(Llombok/eclipse/EclipseASTVisitor;)V' in 'lombok/eclipse/EclipseNode')}
  0x00000229c36bd97c: 48be 3014 | f51c 2a02 | 0000 8b7f | 0849 ba00 | 0000 d629 | 0200 0049 | 03fa 483b | bef0 1100 
  0x00000229c36bd99c: 0075 0d48 | 8386 f811 | 0000 01e9 | 6000 0000 | 483b be00 | 1200 0075 | 0d48 8386 | 0812 0000 
  0x00000229c36bd9bc: 01e9 4a00 | 0000 4883 | bef0 1100 | 0000 7517 | 4889 bef0 | 1100 0048 | c786 f811 | 0000 0100 
  0x00000229c36bd9dc: 0000 e929 | 0000 0048 | 83be 0012 | 0000 0075 | 1748 89be | 0012 0000 | 48c7 8608 | 1200 0001 
  0x00000229c36bd9fc: 0000 00e9 | 0800 0000 | 4883 86e0 | 1100 0001 | 458b 4914 | 4d85 c975 

  0x00000229c36bda14: ;   {metadata(method data for {method} {0x0000022a1cdb1120} 'traverse' '(Llombok/eclipse/EclipseASTVisitor;)V' in 'lombok/eclipse/EclipseNode')}
  0x00000229c36bda14: 1648 be30 | 14f5 1c2a | 0200 0080 | 8e11 1200 | 0001 e9cf 

  0x00000229c36bda28: ;   {metadata('org/eclipse/jdt/internal/compiler/ast/TypeDeclaration')}
  0x00000229c36bda28: 0000 0048 | bb30 2331 | d729 0200 | 0041 8b71 | 0849 ba00 | 0000 d629 | 0200 0049 | 03f2 483b 
  0x00000229c36bda48: 5e48 0f85 | 8e00 0000 

  0x00000229c36bda50: ;   {metadata(method data for {method} {0x0000022a1cdb1120} 'traverse' '(Llombok/eclipse/EclipseASTVisitor;)V' in 'lombok/eclipse/EclipseNode')}
  0x00000229c36bda50: 48be 3014 | f51c 2a02 | 0000 418b | 5908 49ba | 0000 00d6 | 2902 0000 | 4903 da48 | 3b9e 2812 
  0x00000229c36bda70: 0000 750d | 4883 8630 | 1200 0001 | e979 0000 | 0048 3b9e | 3812 0000 | 750d 4883 | 8640 1200 
  0x00000229c36bda90: 0001 e963 | 0000 0048 | 83be 2812 | 0000 0075 | 1748 899e | 2812 0000 | 48c7 8630 | 1200 0001 
  0x00000229c36bdab0: 0000 00e9 | 4200 0000 | 4883 be38 | 1200 0000 | 7517 4889 | 9e38 1200 | 0048 c786 | 4012 0000 
  0x00000229c36bdad0: 0100 0000 | e921 0000 | 00e9 1c00 

  0x00000229c36bdadc: ;   {metadata(method data for {method} {0x0000022a1cdb1120} 'traverse' '(Llombok/eclipse/EclipseASTVisitor;)V' in 'lombok/eclipse/EclipseNode')}
  0x00000229c36bdadc: 0000 48be | 3014 f51c | 2a02 0000 | 4883 ae18 | 1200 0001 | e984 5300 | 00e9 0000 | 0000 488b 
  0x00000229c36bdafc: ;   {metadata(method data for {method} {0x0000022a1cdb1120} 'traverse' '(Llombok/eclipse/EclipseASTVisitor;)V' in 'lombok/eclipse/EclipseNode')}
  0x00000229c36bdafc: fa48 be30 | 14f5 1c2a | 0200 008b | 7f08 49ba | 0000 00d6 | 2902 0000 | 4903 fa48 | 3bbe 6012 
  0x00000229c36bdb1c: 0000 750d | 4883 8668 | 1200 0001 | e960 0000 | 0048 3bbe | 7012 0000 | 750d 4883 | 8678 1200 
  0x00000229c36bdb3c: 0001 e94a | 0000 0048 | 83be 6012 | 0000 0075 | 1748 89be | 6012 0000 | 48c7 8668 | 1200 0001 
  0x00000229c36bdb5c: 0000 00e9 | 2900 0000 | 4883 be70 | 1200 0000 | 7517 4889 | be70 1200 | 0048 c786 | 7812 0000 
  0x00000229c36bdb7c: 0100 0000 | e908 0000 | 0048 8386 | 5012 0000 | 018b 7a14 | 4885 ff75 

  0x00000229c36bdb94: ;   {metadata(method data for {method} {0x0000022a1cdb1120} 'traverse' '(Llombok/eclipse/EclipseASTVisitor;)V' in 'lombok/eclipse/EclipseNode')}
  0x00000229c36bdb94: 1648 bb30 | 14f5 1c2a | 0200 0080 | 8b81 1200 | 0001 e9cd 

  0x00000229c36bdba8: ;   {metadata('org/eclipse/jdt/internal/compiler/ast/Annotation')}
  0x00000229c36bdba8: 0000 0048 | b8b8 782e | d729 0200 | 008b 5f08 | 49ba 0000 | 00d6 2902 | 0000 4903 | da48 3b43 
  0x00000229c36bdbc8: 500f 858d 

  0x00000229c36bdbcc: ;   {metadata(method data for {method} {0x0000022a1cdb1120} 'traverse' '(Llombok/eclipse/EclipseASTVisitor;)V' in 'lombok/eclipse/EclipseNode')}
  0x00000229c36bdbcc: 0000 0048 | bb30 14f5 | 1c2a 0200 | 008b 4708 | 49ba 0000 | 00d6 2902 | 0000 4903 | c248 3b83 
  0x00000229c36bdbec: 9812 0000 | 750d 4883 | 83a0 1200 | 0001 e979 | 0000 0048 | 3b83 a812 | 0000 750d | 4883 83b0 
  0x00000229c36bdc0c: 1200 0001 | e963 0000 | 0048 83bb | 9812 0000 | 0075 1748 | 8983 9812 | 0000 48c7 | 83a0 1200 
  0x00000229c36bdc2c: 0001 0000 | 00e9 4200 | 0000 4883 | bba8 1200 | 0000 7517 | 4889 83a8 | 1200 0048 | c783 b012 
  0x00000229c36bdc4c: 0000 0100 | 0000 e921 | 0000 00e9 | 1c00 0000 

  0x00000229c36bdc5c: ;   {metadata(method data for {method} {0x0000022a1cdb1120} 'traverse' '(Llombok/eclipse/EclipseASTVisitor;)V' in 'lombok/eclipse/EclipseNode')}
  0x00000229c36bdc5c: 48bb 3014 | f51c 2a02 | 0000 4883 | ab88 1200 | 0001 e90f | 5200 00e9 | 0000 0000 

  0x00000229c36bdc78: ;   {metadata(method data for {method} {0x0000022a1cdb1120} 'traverse' '(Llombok/eclipse/EclipseASTVisitor;)V' in 'lombok/eclipse/EclipseNode')}
  0x00000229c36bdc78: 498b f048 | bb30 14f5 | 1c2a 0200 | 008b 7608 | 49ba 0000 | 00d6 2902 | 0000 4903 | f248 3bb3 
  0x00000229c36bdc98: d012 0000 | 750d 4883 | 83d8 1200 | 0001 e960 | 0000 0048 | 3bb3 e012 | 0000 750d | 4883 83e8 
  0x00000229c36bdcb8: 1200 0001 | e94a 0000 | 0048 83bb | d012 0000 | 0075 1748 | 89b3 d012 | 0000 48c7 | 83d8 1200 
  0x00000229c36bdcd8: 0001 0000 | 00e9 2900 | 0000 4883 | bbe0 1200 | 0000 7517 | 4889 b3e0 | 1200 0048 | c783 e812 
  0x00000229c36bdcf8: 0000 0100 | 0000 e908 | 0000 0048 | 8383 c012 | 0000 0149 | 8bd8 4d8b | c14c 8bca | 488b d366 
  0x00000229c36bdd18: 0f1f 4400 | 0048 b880 | 3677 212a 

  0x00000229c36bdd24: ;   {virtual_call}
  0x00000229c36bdd24: 0200 00e8 

  0x00000229c36bdd28: ; ImmutableOopMap {}
                      ;*invokeinterface visitAnnotationOnType {reexecute=0 rethrow=0 return_oop=0}
                      ; - lombok.eclipse.EclipseNode::traverse@482 (line 107)
  0x00000229c36bdd28: 34f3 8706 

  0x00000229c36bdd2c: ;   {other}
  0x00000229c36bdd2c: 0f1f 8400 | 1c2c 000b 

  0x00000229c36bdd34: ;   {metadata(method data for {method} {0x0000022a1cdb1120} 'traverse' '(Llombok/eclipse/EclipseASTVisitor;)V' in 'lombok/eclipse/EclipseNode')}
  0x00000229c36bdd34: 49b8 3014 | f51c 2a02 | 0000 41ff | 80f8 1200 | 0048 81c4 | c000 0000 

  0x00000229c36bdd4c: ;   {poll_return}
  0x00000229c36bdd4c: 5d49 3ba7 | 5004 0000 | 0f87 3151 | 0000 c348 | 85f6 7516 

  0x00000229c36bdd60: ;   {metadata(method data for {method} {0x0000022a1cdb1120} 'traverse' '(Llombok/eclipse/EclipseASTVisitor;)V' in 'lombok/eclipse/EclipseNode')}
  0x00000229c36bdd60: 48bf 3014 | f51c 2a02 | 0000 808f | 4113 0000 | 01e9 ce00 

  0x00000229c36bdd74: ;   {metadata('lombok/eclipse/EclipseNode')}
  0x00000229c36bdd74: 0000 49b8 | e80b 62d7 | 2902 0000 | 448b 4e08 | 49ba 0000 | 00d6 2902 | 0000 4d03 | ca4d 3bc1 
  0x00000229c36bdd94: 0f85 8e00 

  0x00000229c36bdd98: ;   {metadata(method data for {method} {0x0000022a1cdb1120} 'traverse' '(Llombok/eclipse/EclipseASTVisitor;)V' in 'lombok/eclipse/EclipseNode')}
  0x00000229c36bdd98: 0000 48bf | 3014 f51c | 2a02 0000 | 448b 4608 | 49ba 0000 | 00d6 2902 | 0000 4d03 | c24c 3b87 
  0x00000229c36bddb8: 5813 0000 | 750d 4883 | 8760 1300 | 0001 e979 | 0000 004c | 3b87 6813 | 0000 750d | 4883 8770 
  0x00000229c36bddd8: 1300 0001 | e963 0000 | 0048 83bf | 5813 0000 | 0075 174c | 8987 5813 | 0000 48c7 | 8760 1300 
  0x00000229c36bddf8: 0001 0000 | 00e9 4200 | 0000 4883 | bf68 1300 | 0000 7517 | 4c89 8768 | 1300 0048 | c787 7013 
  0x00000229c36bde18: 0000 0100 | 0000 e921 | 0000 00e9 | 1c00 0000 

  0x00000229c36bde28: ;   {metadata(method data for {method} {0x0000022a1cdb1120} 'traverse' '(Llombok/eclipse/EclipseASTVisitor;)V' in 'lombok/eclipse/EclipseNode')}
  0x00000229c36bde28: 48bf 3014 | f51c 2a02 | 0000 4883 | af48 1300 | 0001 e962 | 5000 00e9 | 0000 0000 | 4c8b c649 
  0x00000229c36bde48: 3b00 4d8b 

  0x00000229c36bde4c: ;   {metadata(method data for {method} {0x0000022a1cdb1120} 'traverse' '(Llombok/eclipse/EclipseASTVisitor;)V' in 'lombok/eclipse/EclipseNode')}
  0x00000229c36bde4c: c848 bf30 | 14f5 1c2a | 0200 0045 | 8b49 0849 | ba00 0000 | d629 0200 | 004d 03ca | 4c3b 8f90 
  0x00000229c36bde6c: 1300 0075 | 0d48 8387 | 9813 0000 | 01e9 6000 | 0000 4c3b | 8fa0 1300 | 0075 0d48 | 8387 a813 
  0x00000229c36bde8c: 0000 01e9 | 4a00 0000 | 4883 bf90 | 1300 0000 | 7517 4c89 | 8f90 1300 | 0048 c787 | 9813 0000 
  0x00000229c36bdeac: 0100 0000 | e929 0000 | 0048 83bf | a013 0000 | 0075 174c | 898f a013 | 0000 48c7 | 87a8 1300 
  0x00000229c36bdecc: 0001 0000 | 00e9 0800 | 0000 4883 | 8780 1300 | 0001 458b | 4014 4d85 

  0x00000229c36bdee4: ;   {metadata(method data for {method} {0x0000022a1cdb1120} 'traverse' '(Llombok/eclipse/EclipseASTVisitor;)V' in 'lombok/eclipse/EclipseNode')}
  0x00000229c36bdee4: c075 1648 | bf30 14f5 | 1c2a 0200 | 0080 8fb1 | 1300 0001 | e9cf 0000 

  0x00000229c36bdefc: ;   {metadata('org/eclipse/jdt/internal/compiler/ast/FieldDeclaration')}
  0x00000229c36bdefc: 0048 be88 | 252d d729 | 0200 0041 | 8b78 0849 | ba00 0000 | d629 0200 | 0049 03fa | 483b 7750 
  0x00000229c36bdf1c: 0f85 8e00 

  0x00000229c36bdf20: ;   {metadata(method data for {method} {0x0000022a1cdb1120} 'traverse' '(Llombok/eclipse/EclipseASTVisitor;)V' in 'lombok/eclipse/EclipseNode')}
  0x00000229c36bdf20: 0000 48bf | 3014 f51c | 2a02 0000 | 418b 7008 | 49ba 0000 | 00d6 2902 | 0000 4903 | f248 3bb7 
  0x00000229c36bdf40: c813 0000 | 750d 4883 | 87d0 1300 | 0001 e979 | 0000 0048 | 3bb7 d813 | 0000 750d | 4883 87e0 
  0x00000229c36bdf60: 1300 0001 | e963 0000 | 0048 83bf | c813 0000 | 0075 1748 | 89b7 c813 | 0000 48c7 | 87d0 1300 
  0x00000229c36bdf80: 0001 0000 | 00e9 4200 | 0000 4883 | bfd8 1300 | 0000 7517 | 4889 b7d8 | 1300 0048 | c787 e013 
  0x00000229c36bdfa0: 0000 0100 | 0000 e921 | 0000 00e9 | 1c00 0000 

  0x00000229c36bdfb0: ;   {metadata(method data for {method} {0x0000022a1cdb1120} 'traverse' '(Llombok/eclipse/EclipseASTVisitor;)V' in 'lombok/eclipse/EclipseNode')}
  0x00000229c36bdfb0: 48bf 3014 | f51c 2a02 | 0000 4883 | afb8 1300 | 0001 e9e8 | 4e00 00e9 | 0000 0000 

  0x00000229c36bdfcc: ;   {metadata(method data for {method} {0x0000022a1cdb1120} 'traverse' '(Llombok/eclipse/EclipseASTVisitor;)V' in 'lombok/eclipse/EclipseNode')}
  0x00000229c36bdfcc: 4c8b ca48 | bf30 14f5 | 1c2a 0200 | 0045 8b49 | 0849 ba00 | 0000 d629 | 0200 004d | 03ca 4c3b 
  0x00000229c36bdfec: 8f00 1400 | 0075 0d48 | 8387 0814 | 0000 01e9 | 6000 0000 | 4c3b 8f10 | 1400 0075 | 0d48 8387 
  0x00000229c36be00c: 1814 0000 | 01e9 4a00 | 0000 4883 | bf00 1400 | 0000 7517 | 4c89 8f00 | 1400 0048 | c787 0814 
  0x00000229c36be02c: 0000 0100 | 0000 e929 | 0000 0048 | 83bf 1014 | 0000 0075 | 174c 898f | 1014 0000 | 48c7 8718 
  0x00000229c36be04c: 1400 0001 | 0000 00e9 | 0800 0000 | 4883 87f0 | 1300 0001 | 448b 4a14 | 4d85 c975 

  0x00000229c36be068: ;   {metadata(method data for {method} {0x0000022a1cdb1120} 'traverse' '(Llombok/eclipse/EclipseASTVisitor;)V' in 'lombok/eclipse/EclipseNode')}
  0x00000229c36be068: 1648 be30 | 14f5 1c2a | 0200 0080 | 8e21 1400 | 0001 e9cf 

  0x00000229c36be07c: ;   {metadata('org/eclipse/jdt/internal/compiler/ast/Annotation')}
  0x00000229c36be07c: 0000 0048 | b8b8 782e | d729 0200 | 0041 8b71 | 0849 ba00 | 0000 d629 | 0200 0049 | 03f2 483b 
  0x00000229c36be09c: 4650 0f85 | 8e00 0000 

  0x00000229c36be0a4: ;   {metadata(method data for {method} {0x0000022a1cdb1120} 'traverse' '(Llombok/eclipse/EclipseASTVisitor;)V' in 'lombok/eclipse/EclipseNode')}
  0x00000229c36be0a4: 48be 3014 | f51c 2a02 | 0000 418b | 4108 49ba | 0000 00d6 | 2902 0000 | 4903 c248 | 3b86 3814 
  0x00000229c36be0c4: 0000 750d | 4883 8640 | 1400 0001 | e979 0000 | 0048 3b86 | 4814 0000 | 750d 4883 | 8650 1400 
  0x00000229c36be0e4: 0001 e963 | 0000 0048 | 83be 3814 | 0000 0075 | 1748 8986 | 3814 0000 | 48c7 8640 | 1400 0001 
  0x00000229c36be104: 0000 00e9 | 4200 0000 | 4883 be48 | 1400 0000 | 7517 4889 | 8648 1400 | 0048 c786 | 5014 0000 
  0x00000229c36be124: 0100 0000 | e921 0000 | 00e9 1c00 

  0x00000229c36be130: ;   {metadata(method data for {method} {0x0000022a1cdb1120} 'traverse' '(Llombok/eclipse/EclipseASTVisitor;)V' in 'lombok/eclipse/EclipseNode')}
  0x00000229c36be130: 0000 48be | 3014 f51c | 2a02 0000 | 4883 ae28 | 1400 0001 | e96f 4d00 | 00e9 0000 | 0000 498b 
  0x00000229c36be150: f94c 8bcb 

  0x00000229c36be154: ;   {metadata(method data for {method} {0x0000022a1cdb1120} 'traverse' '(Llombok/eclipse/EclipseASTVisitor;)V' in 'lombok/eclipse/EclipseNode')}
  0x00000229c36be154: 48be 3014 | f51c 2a02 | 0000 458b | 4908 49ba | 0000 00d6 | 2902 0000 | 4d03 ca4c | 3b8e 7014 
  0x00000229c36be174: 0000 750d | 4883 8678 | 1400 0001 | e960 0000 | 004c 3b8e | 8014 0000 | 750d 4883 | 8688 1400 
  0x00000229c36be194: 0001 e94a | 0000 0048 | 83be 7014 | 0000 0075 | 174c 898e | 7014 0000 | 48c7 8678 | 1400 0001 
  0x00000229c36be1b4: 0000 00e9 | 2900 0000 | 4883 be80 | 1400 0000 | 7517 4c89 | 8e80 1400 | 0048 c786 | 8814 0000 
  0x00000229c36be1d4: 0100 0000 | e908 0000 | 0048 8386 | 6014 0000 | 014c 8bca | 488b d366 | 9048 b8d0 | 3177 212a 
  0x00000229c36be1f4: ;   {virtual_call}
  0x00000229c36be1f4: 0200 00e8 

  0x00000229c36be1f8: ; ImmutableOopMap {}
                      ;*invokeinterface visitAnnotationOnField {reexecute=0 rethrow=0 return_oop=0}
                      ; - lombok.eclipse.EclipseNode::traverse@512 (line 110)
  0x00000229c36be1f8: 2cea 8706 

  0x00000229c36be1fc: ;   {other}
  0x00000229c36be1fc: 0f1f 8400 | ec30 000c 

  0x00000229c36be204: ;   {metadata(method data for {method} {0x0000022a1cdb1120} 'traverse' '(Llombok/eclipse/EclipseASTVisitor;)V' in 'lombok/eclipse/EclipseNode')}
  0x00000229c36be204: 49b8 3014 | f51c 2a02 | 0000 41ff | 8098 1400 | 0048 81c4 | c000 0000 

  0x00000229c36be21c: ;   {poll_return}
  0x00000229c36be21c: 5d49 3ba7 | 5004 0000 | 0f87 974c | 0000 c348 | 85f6 7516 

  0x00000229c36be230: ;   {metadata(method data for {method} {0x0000022a1cdb1120} 'traverse' '(Llombok/eclipse/EclipseASTVisitor;)V' in 'lombok/eclipse/EclipseNode')}
  0x00000229c36be230: 48bf 3014 | f51c 2a02 | 0000 808f | e114 0000 | 01e9 ce00 

  0x00000229c36be244: ;   {metadata('lombok/eclipse/EclipseNode')}
  0x00000229c36be244: 0000 49b8 | e80b 62d7 | 2902 0000 | 448b 4e08 | 49ba 0000 | 00d6 2902 | 0000 4d03 | ca4d 3bc1 
  0x00000229c36be264: 0f85 8e00 

  0x00000229c36be268: ;   {metadata(method data for {method} {0x0000022a1cdb1120} 'traverse' '(Llombok/eclipse/EclipseASTVisitor;)V' in 'lombok/eclipse/EclipseNode')}
  0x00000229c36be268: 0000 48bf | 3014 f51c | 2a02 0000 | 448b 4608 | 49ba 0000 | 00d6 2902 | 0000 4d03 | c24c 3b87 
  0x00000229c36be288: f814 0000 | 750d 4883 | 8700 1500 | 0001 e979 | 0000 004c | 3b87 0815 | 0000 750d | 4883 8710 
  0x00000229c36be2a8: 1500 0001 | e963 0000 | 0048 83bf | f814 0000 | 0075 174c | 8987 f814 | 0000 48c7 | 8700 1500 
  0x00000229c36be2c8: 0001 0000 | 00e9 4200 | 0000 4883 | bf08 1500 | 0000 7517 | 4c89 8708 | 1500 0048 | c787 1015 
  0x00000229c36be2e8: 0000 0100 | 0000 e921 | 0000 00e9 | 1c00 0000 

  0x00000229c36be2f8: ;   {metadata(method data for {method} {0x0000022a1cdb1120} 'traverse' '(Llombok/eclipse/EclipseASTVisitor;)V' in 'lombok/eclipse/EclipseNode')}
  0x00000229c36be2f8: 48bf 3014 | f51c 2a02 | 0000 4883 | afe8 1400 | 0001 e9c8 | 4b00 00e9 | 0000 0000 | 4c8b c649 
  0x00000229c36be318: 3b00 4d8b 

  0x00000229c36be31c: ;   {metadata(method data for {method} {0x0000022a1cdb1120} 'traverse' '(Llombok/eclipse/EclipseASTVisitor;)V' in 'lombok/eclipse/EclipseNode')}
  0x00000229c36be31c: c848 bf30 | 14f5 1c2a | 0200 0045 | 8b49 0849 | ba00 0000 | d629 0200 | 004d 03ca | 4c3b 8f30 
  0x00000229c36be33c: 1500 0075 | 0d48 8387 | 3815 0000 | 01e9 6000 | 0000 4c3b | 8f40 1500 | 0075 0d48 | 8387 4815 
  0x00000229c36be35c: 0000 01e9 | 4a00 0000 | 4883 bf30 | 1500 0000 | 7517 4c89 | 8f30 1500 | 0048 c787 | 3815 0000 
  0x00000229c36be37c: 0100 0000 | e929 0000 | 0048 83bf | 4015 0000 | 0075 174c | 898f 4015 | 0000 48c7 | 8748 1500 
  0x00000229c36be39c: 0001 0000 | 00e9 0800 | 0000 4883 | 8720 1500 | 0001 458b | 4014 4d85 

  0x00000229c36be3b4: ;   {metadata(method data for {method} {0x0000022a1cdb1120} 'traverse' '(Llombok/eclipse/EclipseASTVisitor;)V' in 'lombok/eclipse/EclipseNode')}
  0x00000229c36be3b4: c075 1648 | bf30 14f5 | 1c2a 0200 | 0080 8f51 | 1500 0001 | e9cf 0000 

  0x00000229c36be3cc: ;   {metadata('org/eclipse/jdt/internal/compiler/ast/AbstractMethodDeclaration')}
  0x00000229c36be3cc: 0048 be08 | 172d d729 | 0200 0041 | 8b78 0849 | ba00 0000 | d629 0200 | 0049 03fa | 483b 7740 
  0x00000229c36be3ec: 0f85 8e00 

  0x00000229c36be3f0: ;   {metadata(method data for {method} {0x0000022a1cdb1120} 'traverse' '(Llombok/eclipse/EclipseASTVisitor;)V' in 'lombok/eclipse/EclipseNode')}
  0x00000229c36be3f0: 0000 48bf | 3014 f51c | 2a02 0000 | 418b 7008 | 49ba 0000 | 00d6 2902 | 0000 4903 | f248 3bb7 
  0x00000229c36be410: 6815 0000 | 750d 4883 | 8770 1500 | 0001 e979 | 0000 0048 | 3bb7 7815 | 0000 750d | 4883 8780 
  0x00000229c36be430: 1500 0001 | e963 0000 | 0048 83bf | 6815 0000 | 0075 1748 | 89b7 6815 | 0000 48c7 | 8770 1500 
  0x00000229c36be450: 0001 0000 | 00e9 4200 | 0000 4883 | bf78 1500 | 0000 7517 | 4889 b778 | 1500 0048 | c787 8015 
  0x00000229c36be470: 0000 0100 | 0000 e921 | 0000 00e9 | 1c00 0000 

  0x00000229c36be480: ;   {metadata(method data for {method} {0x0000022a1cdb1120} 'traverse' '(Llombok/eclipse/EclipseASTVisitor;)V' in 'lombok/eclipse/EclipseNode')}
  0x00000229c36be480: 48bf 3014 | f51c 2a02 | 0000 4883 | af58 1500 | 0001 e94e | 4a00 00e9 | 0000 0000 

  0x00000229c36be49c: ;   {metadata(method data for {method} {0x0000022a1cdb1120} 'traverse' '(Llombok/eclipse/EclipseASTVisitor;)V' in 'lombok/eclipse/EclipseNode')}
  0x00000229c36be49c: 4c8b ca48 | bf30 14f5 | 1c2a 0200 | 0045 8b49 | 0849 ba00 | 0000 d629 | 0200 004d | 03ca 4c3b 
  0x00000229c36be4bc: 8fa0 1500 | 0075 0d48 | 8387 a815 | 0000 01e9 | 6000 0000 | 4c3b 8fb0 | 1500 0075 | 0d48 8387 
  0x00000229c36be4dc: b815 0000 | 01e9 4a00 | 0000 4883 | bfa0 1500 | 0000 7517 | 4c89 8fa0 | 1500 0048 | c787 a815 
  0x00000229c36be4fc: 0000 0100 | 0000 e929 | 0000 0048 | 83bf b015 | 0000 0075 | 174c 898f | b015 0000 | 48c7 87b8 
  0x00000229c36be51c: 1500 0001 | 0000 00e9 | 0800 0000 | 4883 8790 | 1500 0001 | 448b 4a14 | 4d85 c975 

  0x00000229c36be538: ;   {metadata(method data for {method} {0x0000022a1cdb1120} 'traverse' '(Llombok/eclipse/EclipseASTVisitor;)V' in 'lombok/eclipse/EclipseNode')}
  0x00000229c36be538: 1648 be30 | 14f5 1c2a | 0200 0080 | 8ec1 1500 | 0001 e9cf 

  0x00000229c36be54c: ;   {metadata('org/eclipse/jdt/internal/compiler/ast/Annotation')}
  0x00000229c36be54c: 0000 0048 | b8b8 782e | d729 0200 | 0041 8b71 | 0849 ba00 | 0000 d629 | 0200 0049 | 03f2 483b 
  0x00000229c36be56c: 4650 0f85 | 8e00 0000 

  0x00000229c36be574: ;   {metadata(method data for {method} {0x0000022a1cdb1120} 'traverse' '(Llombok/eclipse/EclipseASTVisitor;)V' in 'lombok/eclipse/EclipseNode')}
  0x00000229c36be574: 48be 3014 | f51c 2a02 | 0000 418b | 4108 49ba | 0000 00d6 | 2902 0000 | 4903 c248 | 3b86 d815 
  0x00000229c36be594: 0000 750d | 4883 86e0 | 1500 0001 | e979 0000 | 0048 3b86 | e815 0000 | 750d 4883 | 86f0 1500 
  0x00000229c36be5b4: 0001 e963 | 0000 0048 | 83be d815 | 0000 0075 | 1748 8986 | d815 0000 | 48c7 86e0 | 1500 0001 
  0x00000229c36be5d4: 0000 00e9 | 4200 0000 | 4883 bee8 | 1500 0000 | 7517 4889 | 86e8 1500 | 0048 c786 | f015 0000 
  0x00000229c36be5f4: 0100 0000 | e921 0000 | 00e9 1c00 

  0x00000229c36be600: ;   {metadata(method data for {method} {0x0000022a1cdb1120} 'traverse' '(Llombok/eclipse/EclipseASTVisitor;)V' in 'lombok/eclipse/EclipseNode')}
  0x00000229c36be600: 0000 48be | 3014 f51c | 2a02 0000 | 4883 aec8 | 1500 0001 | e9d5 4800 | 00e9 0000 | 0000 498b 
  0x00000229c36be620: f94c 8bcb 

  0x00000229c36be624: ;   {metadata(method data for {method} {0x0000022a1cdb1120} 'traverse' '(Llombok/eclipse/EclipseASTVisitor;)V' in 'lombok/eclipse/EclipseNode')}
  0x00000229c36be624: 48be 3014 | f51c 2a02 | 0000 458b | 4908 49ba | 0000 00d6 | 2902 0000 | 4d03 ca4c | 3b8e 1016 
  0x00000229c36be644: 0000 750d | 4883 8618 | 1600 0001 | e960 0000 | 004c 3b8e | 2016 0000 | 750d 4883 | 8628 1600 
  0x00000229c36be664: 0001 e94a | 0000 0048 | 83be 1016 | 0000 0075 | 174c 898e | 1016 0000 | 48c7 8618 | 1600 0001 
  0x00000229c36be684: 0000 00e9 | 2900 0000 | 4883 be20 | 1600 0000 | 7517 4c89 | 8e20 1600 | 0048 c786 | 2816 0000 
  0x00000229c36be6a4: 0100 0000 | e908 0000 | 0048 8386 | 0016 0000 | 014c 8bca | 488b d366 | 9048 b870 | 3477 212a 
  0x00000229c36be6c4: ;   {virtual_call}
  0x00000229c36be6c4: 0200 00e8 

  0x00000229c36be6c8: ; ImmutableOopMap {}
                      ;*invokeinterface visitAnnotationOnMethod {reexecute=0 rethrow=0 return_oop=0}
                      ; - lombok.eclipse.EclipseNode::traverse@542 (line 113)
  0x00000229c36be6c8: fcfd 8806 

  0x00000229c36be6cc: ;   {other}
  0x00000229c36be6cc: 0f1f 8400 | bc35 000d 

  0x00000229c36be6d4: ;   {metadata(method data for {method} {0x0000022a1cdb1120} 'traverse' '(Llombok/eclipse/EclipseASTVisitor;)V' in 'lombok/eclipse/EclipseNode')}
  0x00000229c36be6d4: 49b8 3014 | f51c 2a02 | 0000 41ff | 8038 1600 | 0048 81c4 | c000 0000 

  0x00000229c36be6ec: ;   {poll_return}
  0x00000229c36be6ec: 5d49 3ba7 | 5004 0000 | 0f87 fd47 | 0000 c348 | 8b5c 2478 | 4885 f675 

  0x00000229c36be704: ;   {metadata(method data for {method} {0x0000022a1cdb1120} 'traverse' '(Llombok/eclipse/EclipseASTVisitor;)V' in 'lombok/eclipse/EclipseNode')}
  0x00000229c36be704: 1648 bf30 | 14f5 1c2a | 0200 0080 | 8f31 1a00 | 0001 e9ce 

  0x00000229c36be718: ;   {metadata('lombok/eclipse/EclipseNode')}
  0x00000229c36be718: 0000 0049 | b8e8 0b62 | d729 0200 | 0044 8b4e | 0849 ba00 | 0000 d629 | 0200 004d | 03ca 4d3b 
  0x00000229c36be738: c10f 858e 

  0x00000229c36be73c: ;   {metadata(method data for {method} {0x0000022a1cdb1120} 'traverse' '(Llombok/eclipse/EclipseASTVisitor;)V' in 'lombok/eclipse/EclipseNode')}
  0x00000229c36be73c: 0000 0048 | bf30 14f5 | 1c2a 0200 | 0044 8b46 | 0849 ba00 | 0000 d629 | 0200 004d | 03c2 4c3b 
  0x00000229c36be75c: 8748 1a00 | 0075 0d48 | 8387 501a | 0000 01e9 | 7900 0000 | 4c3b 8758 | 1a00 0075 | 0d48 8387 
  0x00000229c36be77c: 601a 0000 | 01e9 6300 | 0000 4883 | bf48 1a00 | 0000 7517 | 4c89 8748 | 1a00 0048 | c787 501a 
  0x00000229c36be79c: 0000 0100 | 0000 e942 | 0000 0048 | 83bf 581a | 0000 0075 | 174c 8987 | 581a 0000 | 48c7 8760 
  0x00000229c36be7bc: 1a00 0001 | 0000 00e9 | 2100 0000 | e91c 0000 

  0x00000229c36be7cc: ;   {metadata(method data for {method} {0x0000022a1cdb1120} 'traverse' '(Llombok/eclipse/EclipseASTVisitor;)V' in 'lombok/eclipse/EclipseNode')}
  0x00000229c36be7cc: 0048 bf30 | 14f5 1c2a | 0200 0048 | 83af 381a | 0000 01e9 | 2947 0000 | e900 0000 | 004c 8bc6 
  0x00000229c36be7ec: ; implicit exception: dispatches to 0x00000229c36c2f16
  0x00000229c36be7ec: 493b 004d 

  0x00000229c36be7f0: ;   {metadata(method data for {method} {0x0000022a1cdb1120} 'traverse' '(Llombok/eclipse/EclipseASTVisitor;)V' in 'lombok/eclipse/EclipseNode')}
  0x00000229c36be7f0: 8bc8 48bf | 3014 f51c | 2a02 0000 | 458b 4908 | 49ba 0000 | 00d6 2902 | 0000 4d03 | ca4c 3b8f 
  0x00000229c36be810: 801a 0000 | 750d 4883 | 8788 1a00 | 0001 e960 | 0000 004c | 3b8f 901a | 0000 750d | 4883 8798 
  0x00000229c36be830: 1a00 0001 | e94a 0000 | 0048 83bf | 801a 0000 | 0075 174c | 898f 801a | 0000 48c7 | 8788 1a00 
  0x00000229c36be850: 0001 0000 | 00e9 2900 | 0000 4883 | bf90 1a00 | 0000 7517 | 4c89 8f90 | 1a00 0048 | c787 981a 
  0x00000229c36be870: 0000 0100 | 0000 e908 | 0000 0048 | 8387 701a | 0000 0145 | 8b40 144d | 85c0 7516 

  0x00000229c36be88c: ;   {metadata(method data for {method} {0x0000022a1cdb1120} 'traverse' '(Llombok/eclipse/EclipseASTVisitor;)V' in 'lombok/eclipse/EclipseNode')}
  0x00000229c36be88c: 48bf 3014 | f51c 2a02 | 0000 808f | a11a 0000 | 01e9 cf00 

  0x00000229c36be8a0: ;   {metadata('org/eclipse/jdt/internal/compiler/ast/TypeReference')}
  0x00000229c36be8a0: 0000 48be | 3085 2dd7 | 2902 0000 | 418b 7808 | 49ba 0000 | 00d6 2902 | 0000 4903 | fa48 3b77 
  0x00000229c36be8c0: 500f 858e 

  0x00000229c36be8c4: ;   {metadata(method data for {method} {0x0000022a1cdb1120} 'traverse' '(Llombok/eclipse/EclipseASTVisitor;)V' in 'lombok/eclipse/EclipseNode')}
  0x00000229c36be8c4: 0000 0048 | bf30 14f5 | 1c2a 0200 | 0041 8b70 | 0849 ba00 | 0000 d629 | 0200 0049 | 03f2 483b 
  0x00000229c36be8e4: b7b8 1a00 | 0075 0d48 | 8387 c01a | 0000 01e9 | 7900 0000 | 483b b7c8 | 1a00 0075 | 0d48 8387 
  0x00000229c36be904: d01a 0000 | 01e9 6300 | 0000 4883 | bfb8 1a00 | 0000 7517 | 4889 b7b8 | 1a00 0048 | c787 c01a 
  0x00000229c36be924: 0000 0100 | 0000 e942 | 0000 0048 | 83bf c81a | 0000 0075 | 1748 89b7 | c81a 0000 | 48c7 87d0 
  0x00000229c36be944: 1a00 0001 | 0000 00e9 | 2100 0000 | e91c 0000 

  0x00000229c36be954: ;   {metadata(method data for {method} {0x0000022a1cdb1120} 'traverse' '(Llombok/eclipse/EclipseASTVisitor;)V' in 'lombok/eclipse/EclipseNode')}
  0x00000229c36be954: 0048 bf30 | 14f5 1c2a | 0200 0048 | 83af a81a | 0000 01e9 | af45 0000 | e900 0000 | 004c 8bca 
  0x00000229c36be974: ;   {metadata(method data for {method} {0x0000022a1cdb1120} 'traverse' '(Llombok/eclipse/EclipseASTVisitor;)V' in 'lombok/eclipse/EclipseNode')}
  0x00000229c36be974: 48bf 3014 | f51c 2a02 | 0000 458b | 4908 49ba | 0000 00d6 | 2902 0000 | 4d03 ca4c | 3b8f f01a 
  0x00000229c36be994: 0000 750d | 4883 87f8 | 1a00 0001 | e960 0000 | 004c 3b8f | 001b 0000 | 750d 4883 | 8708 1b00 
  0x00000229c36be9b4: 0001 e94a | 0000 0048 | 83bf f01a | 0000 0075 | 174c 898f | f01a 0000 | 48c7 87f8 | 1a00 0001 
  0x00000229c36be9d4: 0000 00e9 | 2900 0000 | 4883 bf00 | 1b00 0000 | 7517 4c89 | 8f00 1b00 | 0048 c787 | 081b 0000 
  0x00000229c36be9f4: 0100 0000 | e908 0000 | 0048 8387 | e01a 0000 | 0144 8b4a | 144d 85c9 

  0x00000229c36bea0c: ;   {metadata(method data for {method} {0x0000022a1cdb1120} 'traverse' '(Llombok/eclipse/EclipseASTVisitor;)V' in 'lombok/eclipse/EclipseNode')}
  0x00000229c36bea0c: 7516 48be | 3014 f51c | 2a02 0000 | 808e 111b | 0000 01e9 | cf00 0000 

  0x00000229c36bea24: ;   {metadata('org/eclipse/jdt/internal/compiler/ast/Annotation')}
  0x00000229c36bea24: 48b8 b878 | 2ed7 2902 | 0000 418b | 7108 49ba | 0000 00d6 | 2902 0000 | 4903 f248 | 3b46 500f 
  0x00000229c36bea44: 858e 0000 

  0x00000229c36bea48: ;   {metadata(method data for {method} {0x0000022a1cdb1120} 'traverse' '(Llombok/eclipse/EclipseASTVisitor;)V' in 'lombok/eclipse/EclipseNode')}
  0x00000229c36bea48: 0048 be30 | 14f5 1c2a | 0200 0041 | 8b41 0849 | ba00 0000 | d629 0200 | 0049 03c2 | 483b 8628 
  0x00000229c36bea68: 1b00 0075 | 0d48 8386 | 301b 0000 | 01e9 7900 | 0000 483b | 8638 1b00 | 0075 0d48 | 8386 401b 
  0x00000229c36bea88: 0000 01e9 | 6300 0000 | 4883 be28 | 1b00 0000 | 7517 4889 | 8628 1b00 | 0048 c786 | 301b 0000 
  0x00000229c36beaa8: 0100 0000 | e942 0000 | 0048 83be | 381b 0000 | 0075 1748 | 8986 381b | 0000 48c7 | 8640 1b00 
  0x00000229c36beac8: 0001 0000 | 00e9 2100 | 0000 e91c 

  0x00000229c36bead4: ;   {metadata(method data for {method} {0x0000022a1cdb1120} 'traverse' '(Llombok/eclipse/EclipseASTVisitor;)V' in 'lombok/eclipse/EclipseNode')}
  0x00000229c36bead4: 0000 0048 | be30 14f5 | 1c2a 0200 | 0048 83ae | 181b 0000 | 01e9 3644 | 0000 e900 | 0000 0049 
  0x00000229c36beaf4: 8bf9 4c8b 

  0x00000229c36beaf8: ;   {metadata(method data for {method} {0x0000022a1cdb1120} 'traverse' '(Llombok/eclipse/EclipseASTVisitor;)V' in 'lombok/eclipse/EclipseNode')}
  0x00000229c36beaf8: cb48 be30 | 14f5 1c2a | 0200 0045 | 8b49 0849 | ba00 0000 | d629 0200 | 004d 03ca | 4c3b 8e60 
  0x00000229c36beb18: 1b00 0075 | 0d48 8386 | 681b 0000 | 01e9 6000 | 0000 4c3b | 8e70 1b00 | 0075 0d48 | 8386 781b 
  0x00000229c36beb38: 0000 01e9 | 4a00 0000 | 4883 be60 | 1b00 0000 | 7517 4c89 | 8e60 1b00 | 0048 c786 | 681b 0000 
  0x00000229c36beb58: 0100 0000 | e929 0000 | 0048 83be | 701b 0000 | 0075 174c | 898e 701b | 0000 48c7 | 8678 1b00 
  0x00000229c36beb78: 0001 0000 | 00e9 0800 | 0000 4883 | 8650 1b00 | 0001 4c8b | ca48 8bd3 | 0f1f 4400 | 0048 b8ff 
  0x00000229c36beb98: ffff ffff 

  0x00000229c36beb9c: ;   {virtual_call}
  0x00000229c36beb9c: ffff ffe8 

  0x00000229c36beba0: ; ImmutableOopMap {}
                      ;*invokeinterface visitAnnotationOnTypeUse {reexecute=0 rethrow=0 return_oop=0}
                      ; - lombok.eclipse.EclipseNode::traverse@651 (line 125)
  0x00000229c36beba0: dcfe 7906 

  0x00000229c36beba4: ;   {other}
  0x00000229c36beba4: 0f1f 8400 | 943a 000e 

  0x00000229c36bebac: ;   {metadata(method data for {method} {0x0000022a1cdb1120} 'traverse' '(Llombok/eclipse/EclipseASTVisitor;)V' in 'lombok/eclipse/EclipseNode')}
  0x00000229c36bebac: 49b8 3014 | f51c 2a02 | 0000 41ff | 8088 1b00 | 0048 81c4 | c000 0000 

  0x00000229c36bebc4: ;   {poll_return}
  0x00000229c36bebc4: 5d49 3ba7 | 5004 0000 | 0f87 5b43 | 0000 c348 | 8b5c 2478 | 4885 f675 

  0x00000229c36bebdc: ;   {metadata(method data for {method} {0x0000022a1cdb1120} 'traverse' '(Llombok/eclipse/EclipseASTVisitor;)V' in 'lombok/eclipse/EclipseNode')}
  0x00000229c36bebdc: 1648 bf30 | 14f5 1c2a | 0200 0080 | 8fc9 1800 | 0001 e9ce 

  0x00000229c36bebf0: ;   {metadata('lombok/eclipse/EclipseNode')}
  0x00000229c36bebf0: 0000 0049 | b8e8 0b62 | d729 0200 | 0044 8b4e | 0849 ba00 | 0000 d629 | 0200 004d | 03ca 4d3b 
  0x00000229c36bec10: c10f 858e 

  0x00000229c36bec14: ;   {metadata(method data for {method} {0x0000022a1cdb1120} 'traverse' '(Llombok/eclipse/EclipseASTVisitor;)V' in 'lombok/eclipse/EclipseNode')}
  0x00000229c36bec14: 0000 0048 | bf30 14f5 | 1c2a 0200 | 0044 8b46 | 0849 ba00 | 0000 d629 | 0200 004d | 03c2 4c3b 
  0x00000229c36bec34: 87e0 1800 | 0075 0d48 | 8387 e818 | 0000 01e9 | 7900 0000 | 4c3b 87f0 | 1800 0075 | 0d48 8387 
  0x00000229c36bec54: f818 0000 | 01e9 6300 | 0000 4883 | bfe0 1800 | 0000 7517 | 4c89 87e0 | 1800 0048 | c787 e818 
  0x00000229c36bec74: 0000 0100 | 0000 e942 | 0000 0048 | 83bf f018 | 0000 0075 | 174c 8987 | f018 0000 | 48c7 87f8 
  0x00000229c36bec94: 1800 0001 | 0000 00e9 | 2100 0000 | e91c 0000 

  0x00000229c36beca4: ;   {metadata(method data for {method} {0x0000022a1cdb1120} 'traverse' '(Llombok/eclipse/EclipseASTVisitor;)V' in 'lombok/eclipse/EclipseNode')}
  0x00000229c36beca4: 0048 bf30 | 14f5 1c2a | 0200 0048 | 83af d018 | 0000 01e9 | 8742 0000 | e900 0000 | 004c 8bc6 
  0x00000229c36becc4: ; implicit exception: dispatches to 0x00000229c36c2f4c
  0x00000229c36becc4: 493b 004d 

  0x00000229c36becc8: ;   {metadata(method data for {method} {0x0000022a1cdb1120} 'traverse' '(Llombok/eclipse/EclipseASTVisitor;)V' in 'lombok/eclipse/EclipseNode')}
  0x00000229c36becc8: 8bc8 48bf | 3014 f51c | 2a02 0000 | 458b 4908 | 49ba 0000 | 00d6 2902 | 0000 4d03 | ca4c 3b8f 
  0x00000229c36bece8: 1819 0000 | 750d 4883 | 8720 1900 | 0001 e960 | 0000 004c | 3b8f 2819 | 0000 750d | 4883 8730 
  0x00000229c36bed08: 1900 0001 | e94a 0000 | 0048 83bf | 1819 0000 | 0075 174c | 898f 1819 | 0000 48c7 | 8720 1900 
  0x00000229c36bed28: 0001 0000 | 00e9 2900 | 0000 4883 | bf28 1900 | 0000 7517 | 4c89 8f28 | 1900 0048 | c787 3019 
  0x00000229c36bed48: 0000 0100 | 0000 e908 | 0000 0048 | 8387 0819 | 0000 0145 | 8b40 144d | 85c0 7516 

  0x00000229c36bed64: ;   {metadata(method data for {method} {0x0000022a1cdb1120} 'traverse' '(Llombok/eclipse/EclipseASTVisitor;)V' in 'lombok/eclipse/EclipseNode')}
  0x00000229c36bed64: 48bf 3014 | f51c 2a02 | 0000 808f | 3919 0000 | 01e9 cf00 

  0x00000229c36bed78: ;   {metadata('org/eclipse/jdt/internal/compiler/ast/LocalDeclaration')}
  0x00000229c36bed78: 0000 48be | 8065 2ed7 | 2902 0000 | 418b 7808 | 49ba 0000 | 00d6 2902 | 0000 4903 | fa48 3b77 
  0x00000229c36bed98: 500f 858e 

  0x00000229c36bed9c: ;   {metadata(method data for {method} {0x0000022a1cdb1120} 'traverse' '(Llombok/eclipse/EclipseASTVisitor;)V' in 'lombok/eclipse/EclipseNode')}
  0x00000229c36bed9c: 0000 0048 | bf30 14f5 | 1c2a 0200 | 0041 8b70 | 0849 ba00 | 0000 d629 | 0200 0049 | 03f2 483b 
  0x00000229c36bedbc: b750 1900 | 0075 0d48 | 8387 5819 | 0000 01e9 | 7900 0000 | 483b b760 | 1900 0075 | 0d48 8387 
  0x00000229c36beddc: 6819 0000 | 01e9 6300 | 0000 4883 | bf50 1900 | 0000 7517 | 4889 b750 | 1900 0048 | c787 5819 
  0x00000229c36bedfc: 0000 0100 | 0000 e942 | 0000 0048 | 83bf 6019 | 0000 0075 | 1748 89b7 | 6019 0000 | 48c7 8768 
  0x00000229c36bee1c: 1900 0001 | 0000 00e9 | 2100 0000 | e91c 0000 

  0x00000229c36bee2c: ;   {metadata(method data for {method} {0x0000022a1cdb1120} 'traverse' '(Llombok/eclipse/EclipseASTVisitor;)V' in 'lombok/eclipse/EclipseNode')}
  0x00000229c36bee2c: 0048 bf30 | 14f5 1c2a | 0200 0048 | 83af 4019 | 0000 01e9 | 0d41 0000 | e900 0000 | 004c 8bca 
  0x00000229c36bee4c: ;   {metadata(method data for {method} {0x0000022a1cdb1120} 'traverse' '(Llombok/eclipse/EclipseASTVisitor;)V' in 'lombok/eclipse/EclipseNode')}
  0x00000229c36bee4c: 48bf 3014 | f51c 2a02 | 0000 458b | 4908 49ba | 0000 00d6 | 2902 0000 | 4d03 ca4c | 3b8f 8819 
  0x00000229c36bee6c: 0000 750d | 4883 8790 | 1900 0001 | e960 0000 | 004c 3b8f | 9819 0000 | 750d 4883 | 87a0 1900 
  0x00000229c36bee8c: 0001 e94a | 0000 0048 | 83bf 8819 | 0000 0075 | 174c 898f | 8819 0000 | 48c7 8790 | 1900 0001 
  0x00000229c36beeac: 0000 00e9 | 2900 0000 | 4883 bf98 | 1900 0000 | 7517 4c89 | 8f98 1900 | 0048 c787 | a019 0000 
  0x00000229c36beecc: 0100 0000 | e908 0000 | 0048 8387 | 7819 0000 | 0144 8b4a | 144d 85c9 

  0x00000229c36beee4: ;   {metadata(method data for {method} {0x0000022a1cdb1120} 'traverse' '(Llombok/eclipse/EclipseASTVisitor;)V' in 'lombok/eclipse/EclipseNode')}
  0x00000229c36beee4: 7516 48be | 3014 f51c | 2a02 0000 | 808e a919 | 0000 01e9 | cf00 0000 

  0x00000229c36beefc: ;   {metadata('org/eclipse/jdt/internal/compiler/ast/Annotation')}
  0x00000229c36beefc: 48b8 b878 | 2ed7 2902 | 0000 418b | 7108 49ba | 0000 00d6 | 2902 0000 | 4903 f248 | 3b46 500f 
  0x00000229c36bef1c: 858e 0000 

  0x00000229c36bef20: ;   {metadata(method data for {method} {0x0000022a1cdb1120} 'traverse' '(Llombok/eclipse/EclipseASTVisitor;)V' in 'lombok/eclipse/EclipseNode')}
  0x00000229c36bef20: 0048 be30 | 14f5 1c2a | 0200 0041 | 8b41 0849 | ba00 0000 | d629 0200 | 0049 03c2 | 483b 86c0 
  0x00000229c36bef40: 1900 0075 | 0d48 8386 | c819 0000 | 01e9 7900 | 0000 483b | 86d0 1900 | 0075 0d48 | 8386 d819 
  0x00000229c36bef60: 0000 01e9 | 6300 0000 | 4883 bec0 | 1900 0000 | 7517 4889 | 86c0 1900 | 0048 c786 | c819 0000 
  0x00000229c36bef80: 0100 0000 | e942 0000 | 0048 83be | d019 0000 | 0075 1748 | 8986 d019 | 0000 48c7 | 86d8 1900 
  0x00000229c36befa0: 0001 0000 | 00e9 2100 | 0000 e91c 

  0x00000229c36befac: ;   {metadata(method data for {method} {0x0000022a1cdb1120} 'traverse' '(Llombok/eclipse/EclipseASTVisitor;)V' in 'lombok/eclipse/EclipseNode')}
  0x00000229c36befac: 0000 0048 | be30 14f5 | 1c2a 0200 | 0048 83ae | b019 0000 | 01e9 943f | 0000 e900 | 0000 0049 
  0x00000229c36befcc: 8bf9 4c8b 

  0x00000229c36befd0: ;   {metadata(method data for {method} {0x0000022a1cdb1120} 'traverse' '(Llombok/eclipse/EclipseASTVisitor;)V' in 'lombok/eclipse/EclipseNode')}
  0x00000229c36befd0: cb48 be30 | 14f5 1c2a | 0200 0045 | 8b49 0849 | ba00 0000 | d629 0200 | 004d 03ca | 4c3b 8ef8 
  0x00000229c36beff0: 1900 0075 | 0d48 8386 | 001a 0000 | 01e9 6000 | 0000 4c3b | 8e08 1a00 | 0075 0d48 | 8386 101a 
  0x00000229c36bf010: 0000 01e9 | 4a00 0000 | 4883 bef8 | 1900 0000 | 7517 4c89 | 8ef8 1900 | 0048 c786 | 001a 0000 
  0x00000229c36bf030: 0100 0000 | e929 0000 | 0048 83be | 081a 0000 | 0075 174c | 898e 081a | 0000 48c7 | 8610 1a00 
  0x00000229c36bf050: 0001 0000 | 00e9 0800 | 0000 4883 | 86e8 1900 | 0001 4c8b | ca48 8bd3 | 0f1f 4400 | 0048 b8ff 
  0x00000229c36bf070: ffff ffff 

  0x00000229c36bf074: ;   {virtual_call}
  0x00000229c36bf074: ffff ffe8 

  0x00000229c36bf078: ; ImmutableOopMap {}
                      ;*invokeinterface visitAnnotationOnLocal {reexecute=0 rethrow=0 return_oop=0}
                      ; - lombok.eclipse.EclipseNode::traverse@621 (line 122)
  0x00000229c36bf078: 04fa 7906 

  0x00000229c36bf07c: ;   {other}
  0x00000229c36bf07c: 0f1f 8400 | 6c3f 000f 

  0x00000229c36bf084: ;   {metadata(method data for {method} {0x0000022a1cdb1120} 'traverse' '(Llombok/eclipse/EclipseASTVisitor;)V' in 'lombok/eclipse/EclipseNode')}
  0x00000229c36bf084: 49b8 3014 | f51c 2a02 | 0000 41ff | 8020 1a00 | 0048 81c4 | c000 0000 

  0x00000229c36bf09c: ;   {poll_return}
  0x00000229c36bf09c: 5d49 3ba7 | 5004 0000 | 0f87 b93e | 0000 c348 | 8b5c 2478 | 4885 f675 

  0x00000229c36bf0b4: ;   {metadata(method data for {method} {0x0000022a1cdb1120} 'traverse' '(Llombok/eclipse/EclipseASTVisitor;)V' in 'lombok/eclipse/EclipseNode')}
  0x00000229c36bf0b4: 1648 bf30 | 14f5 1c2a | 0200 0080 | 8f49 1600 | 0001 e9cd 

  0x00000229c36bf0c8: ;   {metadata('lombok/eclipse/EclipseNode')}
  0x00000229c36bf0c8: 0000 0048 | b8e8 0b62 | d729 0200 | 0044 8b4e | 0849 ba00 | 0000 d629 | 0200 004d | 03ca 493b 
  0x00000229c36bf0e8: c10f 858d 

  0x00000229c36bf0ec: ;   {metadata(method data for {method} {0x0000022a1cdb1120} 'traverse' '(Llombok/eclipse/EclipseASTVisitor;)V' in 'lombok/eclipse/EclipseNode')}
  0x00000229c36bf0ec: 0000 0048 | bf30 14f5 | 1c2a 0200 | 008b 4608 | 49ba 0000 | 00d6 2902 | 0000 4903 | c248 3b87 
  0x00000229c36bf10c: 6016 0000 | 750d 4883 | 8768 1600 | 0001 e979 | 0000 0048 | 3b87 7016 | 0000 750d | 4883 8778 
  0x00000229c36bf12c: 1600 0001 | e963 0000 | 0048 83bf | 6016 0000 | 0075 1748 | 8987 6016 | 0000 48c7 | 8768 1600 
  0x00000229c36bf14c: 0001 0000 | 00e9 4200 | 0000 4883 | bf70 1600 | 0000 7517 | 4889 8770 | 1600 0048 | c787 7816 
  0x00000229c36bf16c: 0000 0100 | 0000 e921 | 0000 00e9 | 1c00 0000 

  0x00000229c36bf17c: ;   {metadata(method data for {method} {0x0000022a1cdb1120} 'traverse' '(Llombok/eclipse/EclipseASTVisitor;)V' in 'lombok/eclipse/EclipseNode')}
  0x00000229c36bf17c: 48bf 3014 | f51c 2a02 | 0000 4883 | af50 1600 | 0001 e9e6 | 3d00 00e9 | 0000 0000 | 4c8b c649 
  0x00000229c36bf19c: 3b00 4d8b 

  0x00000229c36bf1a0: ;   {metadata(method data for {method} {0x0000022a1cdb1120} 'traverse' '(Llombok/eclipse/EclipseASTVisitor;)V' in 'lombok/eclipse/EclipseNode')}
  0x00000229c36bf1a0: c848 bf30 | 14f5 1c2a | 0200 0045 | 8b49 0849 | ba00 0000 | d629 0200 | 004d 03ca | 4c3b 8f98 
  0x00000229c36bf1c0: 1600 0075 | 0d48 8387 | a016 0000 | 01e9 6000 | 0000 4c3b | 8fa8 1600 | 0075 0d48 | 8387 b016 
  0x00000229c36bf1e0: 0000 01e9 | 4a00 0000 | 4883 bf98 | 1600 0000 | 7517 4c89 | 8f98 1600 | 0048 c787 | a016 0000 
  0x00000229c36bf200: 0100 0000 | e929 0000 | 0048 83bf | a816 0000 | 0075 174c | 898f a816 | 0000 48c7 | 87b0 1600 
  0x00000229c36bf220: 0001 0000 | 00e9 0800 | 0000 4883 | 8788 1600 | 0001 458b | 4014 4d85 

  0x00000229c36bf238: ;   {metadata(method data for {method} {0x0000022a1cdb1120} 'traverse' '(Llombok/eclipse/EclipseASTVisitor;)V' in 'lombok/eclipse/EclipseNode')}
  0x00000229c36bf238: c075 1648 | bf30 14f5 | 1c2a 0200 | 0080 8fb9 | 1600 0001 | e9cf 0000 

  0x00000229c36bf250: ;   {metadata('org/eclipse/jdt/internal/compiler/ast/Argument')}
  0x00000229c36bf250: 0048 b890 | 6a2e d729 | 0200 0041 | 8b78 0849 | ba00 0000 | d629 0200 | 0049 03fa | 483b 4758 
  0x00000229c36bf270: 0f85 8e00 

  0x00000229c36bf274: ;   {metadata(method data for {method} {0x0000022a1cdb1120} 'traverse' '(Llombok/eclipse/EclipseASTVisitor;)V' in 'lombok/eclipse/EclipseNode')}
  0x00000229c36bf274: 0000 48bf | 3014 f51c | 2a02 0000 | 418b 4008 | 49ba 0000 | 00d6 2902 | 0000 4903 | c248 3b87 
  0x00000229c36bf294: d016 0000 | 750d 4883 | 87d8 1600 | 0001 e979 | 0000 0048 | 3b87 e016 | 0000 750d | 4883 87e8 
  0x00000229c36bf2b4: 1600 0001 | e963 0000 | 0048 83bf | d016 0000 | 0075 1748 | 8987 d016 | 0000 48c7 | 87d8 1600 
  0x00000229c36bf2d4: 0001 0000 | 00e9 4200 | 0000 4883 | bfe0 1600 | 0000 7517 | 4889 87e0 | 1600 0048 | c787 e816 
  0x00000229c36bf2f4: 0000 0100 | 0000 e921 | 0000 00e9 | 1c00 0000 

  0x00000229c36bf304: ;   {metadata(method data for {method} {0x0000022a1cdb1120} 'traverse' '(Llombok/eclipse/EclipseASTVisitor;)V' in 'lombok/eclipse/EclipseNode')}
  0x00000229c36bf304: 48bf 3014 | f51c 2a02 | 0000 4883 | afc0 1600 | 0001 e96c | 3c00 00e9 | 0000 0000 | 4885 f675 
  0x00000229c36bf324: ;   {metadata(method data for {method} {0x0000022a1cdb1120} 'traverse' '(Llombok/eclipse/EclipseASTVisitor;)V' in 'lombok/eclipse/EclipseNode')}
  0x00000229c36bf324: 1749 b930 | 14f5 1c2a | 0200 0041 | 8089 f116 | 0000 01e9 | cc00 0000 

  0x00000229c36bf33c: ;   {metadata('lombok/eclipse/EclipseNode')}
  0x00000229c36bf33c: 48b8 e80b | 62d7 2902 | 0000 8b7e | 0849 ba00 | 0000 d629 | 0200 0049 | 03fa 483b | c70f 858d 
  0x00000229c36bf35c: ;   {metadata(method data for {method} {0x0000022a1cdb1120} 'traverse' '(Llombok/eclipse/EclipseASTVisitor;)V' in 'lombok/eclipse/EclipseNode')}
  0x00000229c36bf35c: 0000 0049 | b930 14f5 | 1c2a 0200 | 008b 4608 | 49ba 0000 | 00d6 2902 | 0000 4903 | c249 3b81 
  0x00000229c36bf37c: 0817 0000 | 750d 4983 | 8110 1700 | 0001 e979 | 0000 0049 | 3b81 1817 | 0000 750d | 4983 8120 
  0x00000229c36bf39c: 1700 0001 | e963 0000 | 0049 83b9 | 0817 0000 | 0075 1749 | 8981 0817 | 0000 49c7 | 8110 1700 
  0x00000229c36bf3bc: 0001 0000 | 00e9 4200 | 0000 4983 | b918 1700 | 0000 7517 | 4989 8118 | 1700 0049 | c781 2017 
  0x00000229c36bf3dc: 0000 0100 | 0000 e921 | 0000 00e9 | 1c00 0000 

  0x00000229c36bf3ec: ;   {metadata(method data for {method} {0x0000022a1cdb1120} 'traverse' '(Llombok/eclipse/EclipseASTVisitor;)V' in 'lombok/eclipse/EclipseNode')}
  0x00000229c36bf3ec: 49b9 3014 | f51c 2a02 | 0000 4983 | a9f8 1600 | 0001 e98d | 3b00 00e9 | 0000 0000 | 4c8b ce49 
  0x00000229c36bf40c: 3b01 498b 

  0x00000229c36bf410: ;   {metadata(method data for {method} {0x0000022a1cdb1120} 'traverse' '(Llombok/eclipse/EclipseASTVisitor;)V' in 'lombok/eclipse/EclipseNode')}
  0x00000229c36bf410: f948 be30 | 14f5 1c2a | 0200 008b | 7f08 49ba | 0000 00d6 | 2902 0000 | 4903 fa48 | 3bbe 4017 
  0x00000229c36bf430: 0000 750d | 4883 8648 | 1700 0001 | e960 0000 | 0048 3bbe | 5017 0000 | 750d 4883 | 8658 1700 
  0x00000229c36bf450: 0001 e94a | 0000 0048 | 83be 4017 | 0000 0075 | 1748 89be | 4017 0000 | 48c7 8648 | 1700 0001 
  0x00000229c36bf470: 0000 00e9 | 2900 0000 | 4883 be50 | 1700 0000 | 7517 4889 | be50 1700 | 0048 c786 | 5817 0000 
  0x00000229c36bf490: 0100 0000 | e908 0000 | 0048 8386 | 3017 0000 | 0145 8b49 | 1c4d 85c9 

  0x00000229c36bf4a8: ;   {metadata(method data for {method} {0x0000022a1cdb1120} 'traverse' '(Llombok/eclipse/EclipseASTVisitor;)V' in 'lombok/eclipse/EclipseNode')}
  0x00000229c36bf4a8: 7516 48be | 3014 f51c | 2a02 0000 | 808e 6117 | 0000 01e9 | ce00 0000 

  0x00000229c36bf4c0: ;   {metadata('lombok/eclipse/EclipseNode')}
  0x00000229c36bf4c0: 48b8 e80b | 62d7 2902 | 0000 418b | 7908 49ba | 0000 00d6 | 2902 0000 | 4903 fa48 | 3bc7 0f85 
  0x00000229c36bf4e0: 8e00 0000 

  0x00000229c36bf4e4: ;   {metadata(method data for {method} {0x0000022a1cdb1120} 'traverse' '(Llombok/eclipse/EclipseASTVisitor;)V' in 'lombok/eclipse/EclipseNode')}
  0x00000229c36bf4e4: 48be 3014 | f51c 2a02 | 0000 418b | 4108 49ba | 0000 00d6 | 2902 0000 | 4903 c248 | 3b86 7817 
  0x00000229c36bf504: 0000 750d | 4883 8680 | 1700 0001 | e979 0000 | 0048 3b86 | 8817 0000 | 750d 4883 | 8690 1700 
  0x00000229c36bf524: 0001 e963 | 0000 0048 | 83be 7817 | 0000 0075 | 1748 8986 | 7817 0000 | 48c7 8680 | 1700 0001 
  0x00000229c36bf544: 0000 00e9 | 4200 0000 | 4883 be88 | 1700 0000 | 7517 4889 | 8688 1700 | 0048 c786 | 9017 0000 
  0x00000229c36bf564: 0100 0000 | e921 0000 | 00e9 1c00 

  0x00000229c36bf570: ;   {metadata(method data for {method} {0x0000022a1cdb1120} 'traverse' '(Llombok/eclipse/EclipseASTVisitor;)V' in 'lombok/eclipse/EclipseNode')}
  0x00000229c36bf570: 0000 48be | 3014 f51c | 2a02 0000 | 4883 ae68 | 1700 0001 | e915 3a00 | 00e9 0000 | 0000 493b 
  0x00000229c36bf590: 0149 8bf9 

  0x00000229c36bf594: ;   {metadata(method data for {method} {0x0000022a1cdb1120} 'traverse' '(Llombok/eclipse/EclipseASTVisitor;)V' in 'lombok/eclipse/EclipseNode')}
  0x00000229c36bf594: 48be 3014 | f51c 2a02 | 0000 8b7f | 0849 ba00 | 0000 d629 | 0200 0049 | 03fa 483b | beb0 1700 
  0x00000229c36bf5b4: 0075 0d48 | 8386 b817 | 0000 01e9 | 6000 0000 | 483b bec0 | 1700 0075 | 0d48 8386 | c817 0000 
  0x00000229c36bf5d4: 01e9 4a00 | 0000 4883 | beb0 1700 | 0000 7517 | 4889 beb0 | 1700 0048 | c786 b817 | 0000 0100 
  0x00000229c36bf5f4: 0000 e929 | 0000 0048 | 83be c017 | 0000 0075 | 1748 89be | c017 0000 | 48c7 86c8 | 1700 0001 
  0x00000229c36bf614: 0000 00e9 | 0800 0000 | 4883 86a0 | 1700 0001 | 458b 4914 | 4d85 c975 

  0x00000229c36bf62c: ;   {metadata(method data for {method} {0x0000022a1cdb1120} 'traverse' '(Llombok/eclipse/EclipseASTVisitor;)V' in 'lombok/eclipse/EclipseNode')}
  0x00000229c36bf62c: 1648 be30 | 14f5 1c2a | 0200 0080 | 8ed1 1700 | 0001 e9cf 

  0x00000229c36bf640: ;   {metadata('org/eclipse/jdt/internal/compiler/ast/AbstractMethodDeclaration')}
  0x00000229c36bf640: 0000 0048 | b808 172d | d729 0200 | 0041 8b71 | 0849 ba00 | 0000 d629 | 0200 0049 | 03f2 483b 
  0x00000229c36bf660: 4640 0f85 | 8e00 0000 

  0x00000229c36bf668: ;   {metadata(method data for {method} {0x0000022a1cdb1120} 'traverse' '(Llombok/eclipse/EclipseASTVisitor;)V' in 'lombok/eclipse/EclipseNode')}
  0x00000229c36bf668: 48be 3014 | f51c 2a02 | 0000 418b | 4108 49ba | 0000 00d6 | 2902 0000 | 4903 c248 | 3b86 e817 
  0x00000229c36bf688: 0000 750d | 4883 86f0 | 1700 0001 | e979 0000 | 0048 3b86 | f817 0000 | 750d 4883 | 8600 1800 
  0x00000229c36bf6a8: 0001 e963 | 0000 0048 | 83be e817 | 0000 0075 | 1748 8986 | e817 0000 | 48c7 86f0 | 1700 0001 
  0x00000229c36bf6c8: 0000 00e9 | 4200 0000 | 4883 bef8 | 1700 0000 | 7517 4889 | 86f8 1700 | 0048 c786 | 0018 0000 
  0x00000229c36bf6e8: 0100 0000 | e921 0000 | 00e9 1c00 

  0x00000229c36bf6f4: ;   {metadata(method data for {method} {0x0000022a1cdb1120} 'traverse' '(Llombok/eclipse/EclipseASTVisitor;)V' in 'lombok/eclipse/EclipseNode')}
  0x00000229c36bf6f4: 0000 48be | 3014 f51c | 2a02 0000 | 4883 aed8 | 1700 0001 | e99f 3800 | 00e9 0000 | 0000 488b 
  0x00000229c36bf714: ;   {metadata(method data for {method} {0x0000022a1cdb1120} 'traverse' '(Llombok/eclipse/EclipseASTVisitor;)V' in 'lombok/eclipse/EclipseNode')}
  0x00000229c36bf714: fa48 be30 | 14f5 1c2a | 0200 008b | 7f08 49ba | 0000 00d6 | 2902 0000 | 4903 fa48 | 3bbe 2018 
  0x00000229c36bf734: 0000 750d | 4883 8628 | 1800 0001 | e960 0000 | 0048 3bbe | 3018 0000 | 750d 4883 | 8638 1800 
  0x00000229c36bf754: 0001 e94a | 0000 0048 | 83be 2018 | 0000 0075 | 1748 89be | 2018 0000 | 48c7 8628 | 1800 0001 
  0x00000229c36bf774: 0000 00e9 | 2900 0000 | 4883 be30 | 1800 0000 | 7517 4889 | be30 1800 | 0048 c786 | 3818 0000 
  0x00000229c36bf794: 0100 0000 | e908 0000 | 0048 8386 | 1018 0000 | 018b 7a14 | 4885 ff75 

  0x00000229c36bf7ac: ;   {metadata(method data for {method} {0x0000022a1cdb1120} 'traverse' '(Llombok/eclipse/EclipseASTVisitor;)V' in 'lombok/eclipse/EclipseNode')}
  0x00000229c36bf7ac: 1648 b830 | 14f5 1c2a | 0200 0080 | 8841 1800 | 0001 e9cd 

  0x00000229c36bf7c0: ;   {metadata('org/eclipse/jdt/internal/compiler/ast/Annotation')}
  0x00000229c36bf7c0: 0000 0048 | b9b8 782e | d729 0200 | 008b 4708 | 49ba 0000 | 00d6 2902 | 0000 4903 | c248 3b48 
  0x00000229c36bf7e0: 500f 858d 

  0x00000229c36bf7e4: ;   {metadata(method data for {method} {0x0000022a1cdb1120} 'traverse' '(Llombok/eclipse/EclipseASTVisitor;)V' in 'lombok/eclipse/EclipseNode')}
  0x00000229c36bf7e4: 0000 0048 | b830 14f5 | 1c2a 0200 | 008b 4f08 | 49ba 0000 | 00d6 2902 | 0000 4903 | ca48 3b88 
  0x00000229c36bf804: 5818 0000 | 750d 4883 | 8060 1800 | 0001 e979 | 0000 0048 | 3b88 6818 | 0000 750d | 4883 8070 
  0x00000229c36bf824: 1800 0001 | e963 0000 | 0048 83b8 | 5818 0000 | 0075 1748 | 8988 5818 | 0000 48c7 | 8060 1800 
  0x00000229c36bf844: 0001 0000 | 00e9 4200 | 0000 4883 | b868 1800 | 0000 7517 | 4889 8868 | 1800 0048 | c780 7018 
  0x00000229c36bf864: 0000 0100 | 0000 e921 | 0000 00e9 | 1c00 0000 

  0x00000229c36bf874: ;   {metadata(method data for {method} {0x0000022a1cdb1120} 'traverse' '(Llombok/eclipse/EclipseASTVisitor;)V' in 'lombok/eclipse/EclipseNode')}
  0x00000229c36bf874: 48b8 3014 | f51c 2a02 | 0000 4883 | a848 1800 | 0001 e92a | 3700 00e9 | 0000 0000 | 488b f748 
  0x00000229c36bf894: ;   {metadata(method data for {method} {0x0000022a1cdb1120} 'traverse' '(Llombok/eclipse/EclipseASTVisitor;)V' in 'lombok/eclipse/EclipseNode')}
  0x00000229c36bf894: 8bfb 48b8 | 3014 f51c | 2a02 0000 | 8b7f 0849 | ba00 0000 | d629 0200 | 0049 03fa | 483b b890 
  0x00000229c36bf8b4: 1800 0075 | 0d48 8380 | 9818 0000 | 01e9 6000 | 0000 483b | b8a0 1800 | 0075 0d48 | 8380 a818 
  0x00000229c36bf8d4: 0000 01e9 | 4a00 0000 | 4883 b890 | 1800 0000 | 7517 4889 | b890 1800 | 0048 c780 | 9818 0000 
  0x00000229c36bf8f4: 0100 0000 | e929 0000 | 0048 83b8 | a018 0000 | 0075 1748 | 89b8 a018 | 0000 48c7 | 80a8 1800 
  0x00000229c36bf914: 0001 0000 | 00e9 0800 | 0000 4883 | 8080 1800 | 0001 488b | fa48 8bd3 | 9048 b850 | 3077 212a 
  0x00000229c36bf934: ;   {virtual_call}
  0x00000229c36bf934: 0200 00e8 

  0x00000229c36bf938: ; ImmutableOopMap {}
                      ;*invokeinterface visitAnnotationOnMethodArgument {reexecute=0 rethrow=0 return_oop=0}
                      ; - lombok.eclipse.EclipseNode::traverse@591 (line 116)
  0x00000229c36bf938: 547c 8506 

  0x00000229c36bf93c: ;   {other}
  0x00000229c36bf93c: 0f1f 8400 | 2c48 0010 

  0x00000229c36bf944: ;   {metadata(method data for {method} {0x0000022a1cdb1120} 'traverse' '(Llombok/eclipse/EclipseASTVisitor;)V' in 'lombok/eclipse/EclipseNode')}
  0x00000229c36bf944: 49b8 3014 | f51c 2a02 | 0000 41ff | 80b8 1800 | 0048 81c4 | c000 0000 

  0x00000229c36bf95c: ;   {poll_return}
  0x00000229c36bf95c: 5d49 3ba7 | 5004 0000 | 0f87 5436 | 0000 c348 | 85f6 7517 

  0x00000229c36bf970: ;   {metadata(method data for {method} {0x0000022a1cdb1120} 'traverse' '(Llombok/eclipse/EclipseASTVisitor;)V' in 'lombok/eclipse/EclipseNode')}
  0x00000229c36bf970: 49b8 3014 | f51c 2a02 | 0000 4180 | 88e1 0b00 | 0001 e9cd 

  0x00000229c36bf984: ;   {metadata('lombok/eclipse/EclipseNode')}
  0x00000229c36bf984: 0000 0048 | bfe8 0b62 | d729 0200 | 0044 8b4e | 0849 ba00 | 0000 d629 | 0200 004d | 03ca 493b 
  0x00000229c36bf9a4: f90f 858d 

  0x00000229c36bf9a8: ;   {metadata(method data for {method} {0x0000022a1cdb1120} 'traverse' '(Llombok/eclipse/EclipseASTVisitor;)V' in 'lombok/eclipse/EclipseNode')}
  0x00000229c36bf9a8: 0000 0049 | b830 14f5 | 1c2a 0200 | 008b 7e08 | 49ba 0000 | 00d6 2902 | 0000 4903 | fa49 3bb8 
  0x00000229c36bf9c8: f80b 0000 | 750d 4983 | 8000 0c00 | 0001 e979 | 0000 0049 | 3bb8 080c | 0000 750d | 4983 8010 
  0x00000229c36bf9e8: 0c00 0001 | e963 0000 | 0049 83b8 | f80b 0000 | 0075 1749 | 89b8 f80b | 0000 49c7 | 8000 0c00 
  0x00000229c36bfa08: 0001 0000 | 00e9 4200 | 0000 4983 | b808 0c00 | 0000 7517 | 4989 b808 | 0c00 0049 | c780 100c 
  0x00000229c36bfa28: 0000 0100 | 0000 e921 | 0000 00e9 | 1c00 0000 

  0x00000229c36bfa38: ;   {metadata(method data for {method} {0x0000022a1cdb1120} 'traverse' '(Llombok/eclipse/EclipseASTVisitor;)V' in 'lombok/eclipse/EclipseNode')}
  0x00000229c36bfa38: 49b8 3014 | f51c 2a02 | 0000 4983 | a8e8 0b00 | 0001 e985 | 3500 00e9 | 0000 0000 | 4c8b c649 
  0x00000229c36bfa58: 3b00 4d8b 

  0x00000229c36bfa5c: ;   {metadata(method data for {method} {0x0000022a1cdb1120} 'traverse' '(Llombok/eclipse/EclipseASTVisitor;)V' in 'lombok/eclipse/EclipseNode')}
  0x00000229c36bfa5c: c848 be30 | 14f5 1c2a | 0200 0045 | 8b49 0849 | ba00 0000 | d629 0200 | 004d 03ca | 4c3b 8e30 
  0x00000229c36bfa7c: 0c00 0075 | 0d48 8386 | 380c 0000 | 01e9 6000 | 0000 4c3b | 8e40 0c00 | 0075 0d48 | 8386 480c 
  0x00000229c36bfa9c: 0000 01e9 | 4a00 0000 | 4883 be30 | 0c00 0000 | 7517 4c89 | 8e30 0c00 | 0048 c786 | 380c 0000 
  0x00000229c36bfabc: 0100 0000 | e929 0000 | 0048 83be | 400c 0000 | 0075 174c | 898e 400c | 0000 48c7 | 8648 0c00 
  0x00000229c36bfadc: 0001 0000 | 00e9 0800 | 0000 4883 | 8620 0c00 | 0001 458b | 4014 4d85 

  0x00000229c36bfaf4: ;   {metadata(method data for {method} {0x0000022a1cdb1120} 'traverse' '(Llombok/eclipse/EclipseASTVisitor;)V' in 'lombok/eclipse/EclipseNode')}
  0x00000229c36bfaf4: c075 1749 | b930 14f5 | 1c2a 0200 | 0041 8089 | 510c 0000 | 01e9 cf00 

  0x00000229c36bfb0c: ;   {metadata('org/eclipse/jdt/internal/compiler/ast/AbstractMethodDeclaration')}
  0x00000229c36bfb0c: 0000 48bf | 0817 2dd7 | 2902 0000 | 458b 4808 | 49ba 0000 | 00d6 2902 | 0000 4d03 | ca49 3b79 
  0x00000229c36bfb2c: 400f 858e 

  0x00000229c36bfb30: ;   {metadata(method data for {method} {0x0000022a1cdb1120} 'traverse' '(Llombok/eclipse/EclipseASTVisitor;)V' in 'lombok/eclipse/EclipseNode')}
  0x00000229c36bfb30: 0000 0049 | b930 14f5 | 1c2a 0200 | 0041 8b78 | 0849 ba00 | 0000 d629 | 0200 0049 | 03fa 493b 
  0x00000229c36bfb50: b968 0c00 | 0075 0d49 | 8381 700c | 0000 01e9 | 7900 0000 | 493b b978 | 0c00 0075 | 0d49 8381 
  0x00000229c36bfb70: 800c 0000 | 01e9 6300 | 0000 4983 | b968 0c00 | 0000 7517 | 4989 b968 | 0c00 0049 | c781 700c 
  0x00000229c36bfb90: 0000 0100 | 0000 e942 | 0000 0049 | 83b9 780c | 0000 0075 | 1749 89b9 | 780c 0000 | 49c7 8180 
  0x00000229c36bfbb0: 0c00 0001 | 0000 00e9 | 2100 0000 | e91c 0000 

  0x00000229c36bfbc0: ;   {metadata(method data for {method} {0x0000022a1cdb1120} 'traverse' '(Llombok/eclipse/EclipseASTVisitor;)V' in 'lombok/eclipse/EclipseNode')}
  0x00000229c36bfbc0: 0049 b930 | 14f5 1c2a | 0200 0049 | 83a9 580c | 0000 01e9 | 0a34 0000 | e900 0000 | 0049 8bf0 
  0x00000229c36bfbe0: ;   {metadata(method data for {method} {0x0000022a1cdb1120} 'traverse' '(Llombok/eclipse/EclipseASTVisitor;)V' in 'lombok/eclipse/EclipseNode')}
  0x00000229c36bfbe0: 4c8b c249 | b930 14f5 | 1c2a 0200 | 0045 8b40 | 0849 ba00 | 0000 d629 | 0200 004d | 03c2 4d3b 
  0x00000229c36bfc00: 81a0 0c00 | 0075 0d49 | 8381 a80c | 0000 01e9 | 6000 0000 | 4d3b 81b0 | 0c00 0075 | 0d49 8381 
  0x00000229c36bfc20: b80c 0000 | 01e9 4a00 | 0000 4983 | b9a0 0c00 | 0000 7517 | 4d89 81a0 | 0c00 0049 | c781 a80c 
  0x00000229c36bfc40: 0000 0100 | 0000 e929 | 0000 0049 | 83b9 b00c | 0000 0075 | 174d 8981 | b00c 0000 | 49c7 81b8 
  0x00000229c36bfc60: 0c00 0001 | 0000 00e9 | 0800 0000 | 4983 8190 | 0c00 0001 | 448b 4214 | 4d85 c075 

  0x00000229c36bfc7c: ;   {metadata(method data for {method} {0x0000022a1cdb1120} 'traverse' '(Llombok/eclipse/EclipseASTVisitor;)V' in 'lombok/eclipse/EclipseNode')}
  0x00000229c36bfc7c: 1648 bf30 | 14f5 1c2a | 0200 0080 | 8fc1 0c00 | 0001 e9cf 

  0x00000229c36bfc90: ;   {metadata('org/eclipse/jdt/internal/compiler/ast/Argument')}
  0x00000229c36bfc90: 0000 0048 | b890 6a2e | d729 0200 | 0041 8b78 | 0849 ba00 | 0000 d629 | 0200 0049 | 03fa 483b 
  0x00000229c36bfcb0: 4758 0f85 | 8e00 0000 

  0x00000229c36bfcb8: ;   {metadata(method data for {method} {0x0000022a1cdb1120} 'traverse' '(Llombok/eclipse/EclipseASTVisitor;)V' in 'lombok/eclipse/EclipseNode')}
  0x00000229c36bfcb8: 48bf 3014 | f51c 2a02 | 0000 418b | 4008 49ba | 0000 00d6 | 2902 0000 | 4903 c248 | 3b87 d80c 
  0x00000229c36bfcd8: 0000 750d | 4883 87e0 | 0c00 0001 | e979 0000 | 0048 3b87 | e80c 0000 | 750d 4883 | 87f0 0c00 
  0x00000229c36bfcf8: 0001 e963 | 0000 0048 | 83bf d80c | 0000 0075 | 1748 8987 | d80c 0000 | 48c7 87e0 | 0c00 0001 
  0x00000229c36bfd18: 0000 00e9 | 4200 0000 | 4883 bfe8 | 0c00 0000 | 7517 4889 | 87e8 0c00 | 0048 c787 | f00c 0000 
  0x00000229c36bfd38: 0100 0000 | e921 0000 | 00e9 1c00 

  0x00000229c36bfd44: ;   {metadata(method data for {method} {0x0000022a1cdb1120} 'traverse' '(Llombok/eclipse/EclipseASTVisitor;)V' in 'lombok/eclipse/EclipseNode')}
  0x00000229c36bfd44: 0000 48bf | 3014 f51c | 2a02 0000 | 4883 afc8 | 0c00 0001 | e98e 3200 | 00e9 0000 | 0000 4885 
  0x00000229c36bfd64: db0f 8429 

  0x00000229c36bfd68: ;   {metadata('lombok/eclipse/EclipseASTAdapter')}
  0x00000229c36bfd68: 0000 0048 | b830 cb63 | d729 0200 | 008b 7b08 | 49ba 0000 | 00d6 2902 | 0000 4903 | fa48 3b47 
  0x00000229c36bfd88: 380f 8565 | 3200 00e9 | 0000 0000 | 4c8b c34c 

  0x00000229c36bfd98: ;   {metadata(method data for {method} {0x0000022a1cdb1120} 'traverse' '(Llombok/eclipse/EclipseASTVisitor;)V' in 'lombok/eclipse/EclipseNode')}
  0x00000229c36bfd98: 8bc3 49b9 | 3014 f51c | 2a02 0000 | 458b 4008 | 49ba 0000 | 00d6 2902 | 0000 4d03 | c24d 3b81 
  0x00000229c36bfdb8: 100d 0000 | 750d 4983 | 8118 0d00 | 0001 e960 | 0000 004d | 3b81 200d | 0000 750d | 4983 8128 
  0x00000229c36bfdd8: 0d00 0001 | e94a 0000 | 0049 83b9 | 100d 0000 | 0075 174d | 8981 100d | 0000 49c7 | 8118 0d00 
  0x00000229c36bfdf8: 0001 0000 | 00e9 2900 | 0000 4983 | b920 0d00 | 0000 7517 | 4d89 8120 | 0d00 0049 | c781 280d 
  0x00000229c36bfe18: 0000 0100 | 0000 e908 | 0000 0049 | 8381 000d 

  0x00000229c36bfe28: ;   {metadata(method data for {method} {0x0000022a1ceb52a0} 'visitMethodArgument' '(Llombok/eclipse/EclipseNode;Lorg/eclipse/jdt/internal/compiler/ast/Argument;Lorg/eclipse/jdt/internal/compiler/ast/AbstractMethodDeclaration;)V' in 'lombok/eclipse/EclipseASTAdapter')}
  0x00000229c36bfe28: 0000 0149 | b820 ddfd | 1c2a 0200 | 0045 8b88 | cc00 0000 | 4183 c102 | 4589 88cc | 0000 0041 
  0x00000229c36bfe48: 81e1 feff | 1f00 4585 | c90f 84a2 | 3100 008b | 7a20 483b | 074c 8bc7 

  0x00000229c36bfe60: ;   {metadata(method data for {method} {0x0000022a1cdb1120} 'traverse' '(Llombok/eclipse/EclipseASTVisitor;)V' in 'lombok/eclipse/EclipseNode')}
  0x00000229c36bfe60: 49b9 3014 | f51c 2a02 | 0000 4983 | 8150 0d00 | 0001 4c8b | c34c 8bca | 488b d748 | 89b4 24a0 
  0x00000229c36bfe80: 0000 000f 

  0x00000229c36bfe84: ;   {optimized virtual_call}
  0x00000229c36bfe84: 1f40 00e8 

  0x00000229c36bfe88: ; ImmutableOopMap {[112]=Oop [120]=Oop [160]=Oop }
                      ;*invokevirtual traverseChildren {reexecute=0 rethrow=0 return_oop=0}
                      ; - lombok.eclipse.EclipseNode::traverse@330 (line 96)
  0x00000229c36bfe88: 1487 ffff 

  0x00000229c36bfe8c: ;   {other}
  0x00000229c36bfe8c: 0f1f 8400 | 7c4d 0011 | 488b 5424 

  0x00000229c36bfe98: ;   {metadata(method data for {method} {0x0000022a1cdb1120} 'traverse' '(Llombok/eclipse/EclipseASTVisitor;)V' in 'lombok/eclipse/EclipseNode')}
  0x00000229c36bfe98: 7049 b830 | 14f5 1c2a | 0200 008b | 5208 49ba | 0000 00d6 | 2902 0000 | 4903 d249 | 3b90 800d 
  0x00000229c36bfeb8: 0000 750d | 4983 8088 | 0d00 0001 | e960 0000 | 0049 3b90 | 900d 0000 | 750d 4983 | 8098 0d00 
  0x00000229c36bfed8: 0001 e94a | 0000 0049 | 83b8 800d | 0000 0075 | 1749 8990 | 800d 0000 | 49c7 8088 | 0d00 0001 
  0x00000229c36bfef8: 0000 00e9 | 2900 0000 | 4983 b890 | 0d00 0000 | 7517 4989 | 9090 0d00 | 0049 c780 | 980d 0000 
  0x00000229c36bff18: 0100 0000 | e908 0000 | 0049 8380 | 700d 0000 | 0148 8b54 | 2470 448b | 4214 4d85 

  0x00000229c36bff34: ;   {metadata(method data for {method} {0x0000022a1cdb1120} 'traverse' '(Llombok/eclipse/EclipseASTVisitor;)V' in 'lombok/eclipse/EclipseNode')}
  0x00000229c36bff34: c075 1648 | ba30 14f5 | 1c2a 0200 | 0080 8aa1 | 0d00 0001 | e9cf 0000 

  0x00000229c36bff4c: ;   {metadata('org/eclipse/jdt/internal/compiler/ast/Argument')}
  0x00000229c36bff4c: 0048 be90 | 6a2e d729 | 0200 0041 | 8b50 0849 | ba00 0000 | d629 0200 | 0049 03d2 | 483b 7258 
  0x00000229c36bff6c: 0f85 8e00 

  0x00000229c36bff70: ;   {metadata(method data for {method} {0x0000022a1cdb1120} 'traverse' '(Llombok/eclipse/EclipseASTVisitor;)V' in 'lombok/eclipse/EclipseNode')}
  0x00000229c36bff70: 0000 48ba | 3014 f51c | 2a02 0000 | 418b 7008 | 49ba 0000 | 00d6 2902 | 0000 4903 | f248 3bb2 
  0x00000229c36bff90: b80d 0000 | 750d 4883 | 82c0 0d00 | 0001 e979 | 0000 0048 | 3bb2 c80d | 0000 750d | 4883 82d0 
  0x00000229c36bffb0: 0d00 0001 | e963 0000 | 0048 83ba | b80d 0000 | 0075 1748 | 89b2 b80d | 0000 48c7 | 82c0 0d00 
  0x00000229c36bffd0: 0001 0000 | 00e9 4200 | 0000 4883 | bac8 0d00 | 0000 7517 | 4889 b2c8 | 0d00 0048 | c782 d00d 
  0x00000229c36bfff0: 0000 0100 | 0000 e921 | 0000 00e9 | 1c00 0000 

  0x00000229c36c0000: ;   {metadata(method data for {method} {0x0000022a1cdb1120} 'traverse' '(Llombok/eclipse/EclipseASTVisitor;)V' in 'lombok/eclipse/EclipseNode')}
  0x00000229c36c0000: 48ba 3014 | f51c 2a02 | 0000 4883 | aaa8 0d00 | 0001 e908 | 3000 00e9 | 0000 0000 | 4c8b 4424 
  0x00000229c36c0020: 784d 85c0 | 0f84 2a00 

  0x00000229c36c0028: ;   {metadata('lombok/eclipse/EclipseASTAdapter')}
  0x00000229c36c0028: 0000 48bf | 30cb 63d7 | 2902 0000 | 418b 7008 | 49ba 0000 | 00d6 2902 | 0000 4903 | f248 3b7e 
  0x00000229c36c0048: 380f 85d9 | 2f00 00e9 | 0000 0000 

  0x00000229c36c0054: 
  0x00000229c36c0054: 4d8b c849 | b930 14f5 | 1c2a 0200 | 0045 8b40 | 0849 ba00 | 0000 d629 | 0200 004d | 03c2 4d3b 
       ; - lombok.eclipse.EclipseNode::traverse@721 (line 134)
                      ;   {runtime_call throw_incompatible_class_change_error Runtime1 stub}
  0x00000229c36c30a0: 06e8 5ace 

  0x00000229c36c30a4: ; ImmutableOopMap {r8=Oop [120]=Oop }
                      ;*invokeinterface endVisitTypeUse {reexecute=0 rethrow=0 return_oop=0}
                      ; - lombok.eclipse.EclipseNode::traverse@724 (line 134)
                      ;   {metadata({method} {0x0000022a1ceb58d0} 'endVisitTypeUse' '(Llombok/eclipse/EclipseNode;Lorg/eclipse/jdt/internal/compiler/ast/TypeReference;)V' in 'lombok/eclipse/EclipseASTAdapter')}
  0x00000229c36c30a4: 8406 49ba | c858 eb1c | 2a02 0000 | 4c89 5424 | 0848 c704 | 24ff ffff 

  0x00000229c36c30bc: ;   {runtime_call counter_overflow Runtime1 stub}
  0x00000229c36c30bc: ffe8 3ef8 

  0x00000229c36c30c0: ; ImmutableOopMap {}
                      ;*synchronization entry
                      ; - lombok.eclipse.EclipseASTAdapter::endVisitTypeUse@-1 (line 107)
                      ; - lombok.eclipse.EclipseNode::traverse@724 (line 134)
  0x00000229c36c30c0: 8406 e9a5 

  0x00000229c36c30c4: ;   {internal_word}
  0x00000229c36c30c4: d5ff ff49 | ba85 066c | c329 0200 | 004d 8997 | 6804 0000 

  0x00000229c36c30d8: ;   {runtime_call SafepointBlob}
  0x00000229c36c30d8: e923 1a7a | 064c 890c 

  0x00000229c36c30e0: ;   {runtime_call throw_class_cast_exception Runtime1 stub}
  0x00000229c36c30e0: 24e8 1acb 

  0x00000229c36c30e4: ; ImmutableOopMap {rdx=Oop r8=Oop [112]=Oop [120]=Oop }
                      ;*checkcast {reexecute=0 rethrow=0 return_oop=0}
                      ; - lombok.eclipse.EclipseNode::traverse@738 (line 137)
                      ;   {runtime_call throw_incompatible_class_change_error Runtime1 stub}
  0x00000229c36c30e4: 8406 e815 

  0x00000229c36c30e8: ; ImmutableOopMap {rdx=Oop r8=Oop [112]=Oop [120]=Oop }
                      ;*invokeinterface visitStatement {reexecute=0 rethrow=0 return_oop=0}
                      ; - lombok.eclipse.EclipseNode::traverse@741 (line 137)
                      ;   {metadata({method} {0x0000022a1ceb5990} 'visitStatement' '(Llombok/eclipse/EclipseNode;Lorg/eclipse/jdt/internal/compiler/ast/Statement;)V' in 'lombok/eclipse/EclipseASTAdapter')}
  0x00000229c36c30e8: ce84 0649 | ba88 59eb | 1c2a 0200 | 004c 8954 | 2408 48c7 | 0424 ffff 

  0x00000229c36c3100: ;   {runtime_call counter_overflow Runtime1 stub}
  0x00000229c36c3100: ffff e8f9 

  0x00000229c36c3104: ; ImmutableOopMap {rdx=Oop r8=Oop [112]=Oop [120]=Oop }
                      ;*synchronization entry
                      ; - lombok.eclipse.EclipseASTAdapter::visitStatement@-1 (line 110)
                      ; - lombok.eclipse.EclipseNode::traverse@741 (line 137)
  0x00000229c36c3104: f784 06e9 | 01d8 ffff 

  0x00000229c36c310c: ;   {runtime_call throw_null_pointer_exception Runtime1 stub}
  0x00000229c36c310c: e8ef a084 

  0x00000229c36c3110: ; ImmutableOopMap {rdx=Oop r8=Oop rsi=Oop [112]=Oop [120]=Oop }
                      ;*invokevirtual traverseChildren {reexecute=0 rethrow=0 return_oop=0}
                      ; - lombok.eclipse.EclipseNode::traverse@752 (line 138)
  0x00000229c36c3110: 064c 8904 

  0x00000229c36c3114: ;   {runtime_call throw_class_cast_exception Runtime1 stub}
  0x00000229c36c3114: 24e8 e6ca 

  0x00000229c36c3118: ; ImmutableOopMap {[120]=Oop }
                      ;*checkcast {reexecute=0 rethrow=0 return_oop=0}
                      ; - lombok.eclipse.EclipseNode::traverse@761 (line 139)
                      ;   {runtime_call throw_incompatible_class_change_error Runtime1 stub}
  0x00000229c36c3118: 8406 e8e1 

  0x00000229c36c311c: ; ImmutableOopMap {r8=Oop [120]=Oop }
                      ;*invokeinterface endVisitStatement {reexecute=0 rethrow=0 return_oop=0}
                      ; - lombok.eclipse.EclipseNode::traverse@764 (line 139)
                      ;   {metadata({method} {0x0000022a1ceb5a50} 'endVisitStatement' '(Llombok/eclipse/EclipseNode;Lorg/eclipse/jdt/internal/compiler/ast/Statement;)V' in 'lombok/eclipse/EclipseASTAdapter')}
  0x00000229c36c311c: cd84 0649 | ba48 5aeb | 1c2a 0200 | 004c 8954 | 2408 48c7 | 0424 ffff 

  0x00000229c36c3134: ;   {runtime_call counter_overflow Runtime1 stub}
  0x00000229c36c3134: ffff e8c5 

  0x00000229c36c3138: ; ImmutableOopMap {}
                      ;*synchronization entry
                      ; - lombok.eclipse.EclipseASTAdapter::endVisitStatement@-1 (line 113)
                      ; - lombok.eclipse.EclipseNode::traverse@764 (line 139)
  0x00000229c36c3138: f784 06e9 | 94da ffff 

  0x00000229c36c3140: ;   {internal_word}
  0x00000229c36c3140: 49ba ed0b | 6cc3 2902 | 0000 4d89 | 9768 0400 

  0x00000229c36c3150: ;   {runtime_call SafepointBlob}
  0x00000229c36c3150: 00e9 aa19 | 7a06 4c89 

  0x00000229c36c3158: ;   {runtime_call throw_class_cast_exception Runtime1 stub}
  0x00000229c36c3158: 0c24 e8a1 

  0x00000229c36c315c: ; ImmutableOopMap {rdx=Oop r8=Oop [112]=Oop [120]=Oop }
                      ;*checkcast {reexecute=0 rethrow=0 return_oop=0}
                      ; - lombok.eclipse.EclipseNode::traverse@357 (line 100)
                      ;   {runtime_call throw_null_pointer_exception Runtime1 stub}
  0x00000229c36c315c: ca84 06e8 

  0x00000229c36c3160: ; ImmutableOopMap {rdx=Oop rsi=Oop [112]=Oop [120]=Oop }
                      ;*invokevirtual traverseChildren {reexecute=0 rethrow=0 return_oop=0}
                      ; - lombok.eclipse.EclipseNode::traverse@371 (line 101)
  0x00000229c36c3160: 9ca0 8406 | 4c89 0424 

  0x00000229c36c3168: ;   {runtime_call throw_class_cast_exception Runtime1 stub}
  0x00000229c36c3168: e893 ca84 

  0x00000229c36c316c: ; ImmutableOopMap {[120]=Oop }
                      ;*checkcast {reexecute=0 rethrow=0 return_oop=0}
                      ; - lombok.eclipse.EclipseNode::traverse@380 (line 102)
                      ;   {runtime_call throw_incompatible_class_change_error Runtime1 stub}
  0x00000229c36c316c: 06e8 8ecd 

  0x00000229c36c3170: ; ImmutableOopMap {r8=Oop [120]=Oop }
                      ;*invokeinterface endVisitLocal {reexecute=0 rethrow=0 return_oop=0}
                      ; - lombok.eclipse.EclipseNode::traverse@383 (line 102)
                      ;   {metadata({method} {0x0000022a1ceb5688} 'endVisitLocal' '(Llombok/eclipse/EclipseNode;Lorg/eclipse/jdt/internal/compiler/ast/LocalDeclaration;)V' in 'lombok/eclipse/EclipseASTAdapter')}
  0x00000229c36c3170: 8406 49ba | 8056 eb1c | 2a02 0000 | 4c89 5424 | 0848 c704 | 24ff ffff 

  0x00000229c36c3188: ;   {runtime_call counter_overflow Runtime1 stub}
  0x00000229c36c3188: ffe8 72f7 

  0x00000229c36c318c: ; ImmutableOopMap {}
                      ;*synchronization entry
                      ; - lombok.eclipse.EclipseASTAdapter::endVisitLocal@-1 (line 98)
                      ; - lombok.eclipse.EclipseNode::traverse@383 (line 102)
  0x00000229c36c318c: 8406 e979 

  0x00000229c36c3190: ;   {internal_word}
  0x00000229c36c3190: dfff ff49 | ba25 116c | c329 0200 | 004d 8997 | 6804 0000 

  0x00000229c36c31a4: ;   {runtime_call SafepointBlob}
  0x00000229c36c31a4: e957 197a | 064c 890c 

  0x00000229c36c31ac: ;   {runtime_call throw_class_cast_exception Runtime1 stub}
  0x00000229c36c31ac: 24e8 4eca 

  0x00000229c36c31b0: ; ImmutableOopMap {rdx=Oop r8=Oop [112]=Oop [120]=Oop }
                      ;*checkcast {reexecute=0 rethrow=0 return_oop=0}
                      ; - lombok.eclipse.EclipseNode::traverse@210 (line 83)
                      ;   {runtime_call throw_incompatible_class_change_error Runtime1 stub}
  0x00000229c36c31b0: 8406 e849 

  0x00000229c36c31b4: ; ImmutableOopMap {rdx=Oop r8=Oop [112]=Oop [120]=Oop }
                      ;*invokeinterface visitInitializer {reexecute=0 rethrow=0 return_oop=0}
                      ; - lombok.eclipse.EclipseNode::traverse@213 (line 83)
                      ;   {metadata({method} {0x0000022a1ceb4c88} 'visitInitializer' '(Llombok/eclipse/EclipseNode;Lorg/eclipse/jdt/internal/compiler/ast/Initializer;)V' in 'lombok/eclipse/EclipseASTAdapter')}
  0x00000229c36c31b4: cd84 0649 | ba80 4ceb | 1c2a 0200 | 004c 8954 | 2408 48c7 | 0424 ffff 

  0x00000229c36c31cc: ;   {runtime_call counter_overflow Runtime1 stub}
  0x00000229c36c31cc: ffff e82d 

  0x00000229c36c31d0: ; ImmutableOopMap {rdx=Oop r8=Oop [112]=Oop [120]=Oop }
                      ;*synchronization entry
                      ; - lombok.eclipse.EclipseASTAdapter::visitInitializer@-1 (line 59)
                      ; - lombok.eclipse.EclipseNode::traverse@213 (line 83)
  0x00000229c36c31d0: f784 06e9 | d4e1 ffff 

  0x00000229c36c31d8: ;   {runtime_call throw_null_pointer_exception Runtime1 stub}
  0x00000229c36c31d8: e823 a084 

  0x00000229c36c31dc: ; ImmutableOopMap {rdx=Oop r8=Oop rsi=Oop [112]=Oop [120]=Oop }
                      ;*invokevirtual traverseChildren {reexecute=0 rethrow=0 return_oop=0}
                      ; - lombok.eclipse.EclipseNode::traverse@224 (line 84)
  0x00000229c36c31dc: 064c 8904 

  0x00000229c36c31e0: ;   {runtime_call throw_class_cast_exception Runtime1 stub}
  0x00000229c36c31e0: 24e8 1aca 

  0x00000229c36c31e4: ; ImmutableOopMap {[120]=Oop }
                      ;*checkcast {reexecute=0 rethrow=0 return_oop=0}
                      ; - lombok.eclipse.EclipseNode::traverse@233 (line 85)
                      ;   {runtime_call throw_incompatible_class_change_error Runtime1 stub}
  0x00000229c36c31e4: 8406 e815 

  0x00000229c36c31e8: ; ImmutableOopMap {r8=Oop [120]=Oop }
                      ;*invokeinterface endVisitInitializer {reexecute=0 rethrow=0 return_oop=0}
                      ; - lombok.eclipse.EclipseNode::traverse@236 (line 85)
                      ;   {metadata({method} {0x0000022a1ceb4d48} 'endVisitInitializer' '(Llombok/eclipse/EclipseNode;Lorg/eclipse/jdt/internal/compiler/ast/Initializer;)V' in 'lombok/eclipse/EclipseASTAdapter')}
  0x00000229c36c31e8: cd84 0649 | ba40 4deb | 1c2a 0200 | 004c 8954 | 2408 48c7 | 0424 ffff 

  0x00000229c36c3200: ;   {runtime_call counter_overflow Runtime1 stub}
  0x00000229c36c3200: ffff e8f9 

  0x00000229c36c3204: ; ImmutableOopMap {}
                      ;*synchronization entry
                      ; - lombok.eclipse.EclipseASTAdapter::endVisitInitializer@-1 (line 62)
                      ; - lombok.eclipse.EclipseNode::traverse@236 (line 85)
  0x00000229c36c3204: f684 06e9 | 67e4 ffff 

  0x00000229c36c320c: ;   {internal_word}
  0x00000229c36c320c: 49ba 8c16 | 6cc3 2902 | 0000 4d89 | 9768 0400 

  0x00000229c36c321c: ;   {runtime_call SafepointBlob}
  0x00000229c36c321c: 00e9 de18 | 7a06 4c89 

  0x00000229c36c3224: ;   {runtime_call throw_class_cast_exception Runtime1 stub}
  0x00000229c36c3224: 0c24 e8d5 

  0x00000229c36c3228: ; ImmutableOopMap {rdx=Oop r8=Oop [112]=Oop [120]=Oop }
                      ;*checkcast {reexecute=0 rethrow=0 return_oop=0}
                      ; - lombok.eclipse.EclipseNode::traverse@170 (line 78)
                      ;   {runtime_call throw_incompatible_class_change_error Runtime1 stub}
  0x00000229c36c3228: c984 06e8 

  0x00000229c36c322c: ; ImmutableOopMap {rdx=Oop r8=Oop [112]=Oop [120]=Oop }
                      ;*invokeinterface visitField {reexecute=0 rethrow=0 return_oop=0}
                      ; - lombok.eclipse.EclipseNode::traverse@173 (line 78)
  0x00000229c36c322c: d0cc 8406 

  0x00000229c36c3230: ;   {metadata({method} {0x0000022a1ceb4e08} 'visitField' '(Llombok/eclipse/EclipseNode;Lorg/eclipse/jdt/internal/compiler/ast/FieldDeclaration;)V' in 'lombok/eclipse/EclipseASTAdapter')}
  0x00000229c36c3230: 49ba 004e | eb1c 2a02 | 0000 4c89 | 5424 0848 | c704 24ff 

  0x00000229c36c3244: ;   {runtime_call counter_overflow Runtime1 stub}
  0x00000229c36c3244: ffff ffe8 

  0x00000229c36c3248: ; ImmutableOopMap {rdx=Oop r8=Oop [112]=Oop [120]=Oop }
                      ;*synchronization entry
                      ; - lombok.eclipse.EclipseASTAdapter::visitField@-1 (line 65)
                      ; - lombok.eclipse.EclipseNode::traverse@173 (line 78)
  0x00000229c36c3248: b4f6 8406 | e9c3 e6ff 

  0x00000229c36c3250: ;   {runtime_call throw_null_pointer_exception Runtime1 stub}
  0x00000229c36c3250: ffe8 aa9f 

  0x00000229c36c3254: ; ImmutableOopMap {rdx=Oop r8=Oop rsi=Oop [112]=Oop [120]=Oop }
                      ;*invokevirtual traverseChildren {reexecute=0 rethrow=0 return_oop=0}
                      ; - lombok.eclipse.EclipseNode::traverse@184 (line 79)
  0x00000229c36c3254: 8406 4c89 

  0x00000229c36c3258: ;   {runtime_call throw_class_cast_exception Runtime1 stub}
  0x00000229c36c3258: 0424 e8a1 

  0x00000229c36c325c: ; ImmutableOopMap {[120]=Oop }
                      ;*checkcast {reexecute=0 rethrow=0 return_oop=0}
                      ; - lombok.eclipse.EclipseNode::traverse@193 (line 80)
                      ;   {runtime_call throw_incompatible_class_change_error Runtime1 stub}
  0x00000229c36c325c: c984 06e8 

  0x00000229c36c3260: ; ImmutableOopMap {r8=Oop [120]=Oop }
                      ;*invokeinterface endVisitField {reexecute=0 rethrow=0 return_oop=0}
                      ; - lombok.eclipse.EclipseNode::traverse@196 (line 80)
  0x00000229c36c3260: 9ccc 8406 

  0x00000229c36c3264: ;   {metadata({method} {0x0000022a1ceb4f90} 'endVisitField' '(Llombok/eclipse/EclipseNode;Lorg/eclipse/jdt/internal/compiler/ast/FieldDeclaration;)V' in 'lombok/eclipse/EclipseASTAdapter')}
  0x00000229c36c3264: 49ba 884f | eb1c 2a02 | 0000 4c89 | 5424 0848 | c704 24ff 

  0x00000229c36c3278: ;   {runtime_call counter_overflow Runtime1 stub}
  0x00000229c36c3278: ffff ffe8 

  0x00000229c36c327c: ; ImmutableOopMap {}
                      ;*synchronization entry
                      ; - lombok.eclipse.EclipseASTAdapter::endVisitField@-1 (line 71)
                      ; - lombok.eclipse.EclipseNode::traverse@196 (line 80)
  0x00000229c36c327c: 80f6 8406 | e947 e9ff 

  0x00000229c36c3284: ;   {internal_word}
  0x00000229c36c3284: ff49 bae5 | 1b6c c329 | 0200 004d | 8997 6804 

  0x00000229c36c3294: ;   {runtime_call SafepointBlob}
  0x00000229c36c3294: 0000 e965 | 187a 064c 

  0x00000229c36c329c: ;   {runtime_call throw_class_cast_exception Runtime1 stub}
  0x00000229c36c329c: 890c 24e8 

  0x00000229c36c32a0: ; ImmutableOopMap {rdx=Oop r8=Oop [112]=Oop [120]=Oop }
                      ;*checkcast {reexecute=0 rethrow=0 return_oop=0}
                      ; - lombok.eclipse.EclipseNode::traverse@130 (line 73)
  0x00000229c36c32a0: 5cc9 8406 

  0x00000229c36c32a4: ;   {runtime_call throw_null_pointer_exception Runtime1 stub}
  0x00000229c36c32a4: e857 9f84 

  0x00000229c36c32a8: ; ImmutableOopMap {rdx=Oop rsi=Oop [112]=Oop [120]=Oop }
                      ;*invokevirtual traverseChildren {reexecute=0 rethrow=0 return_oop=0}
                      ; - lombok.eclipse.EclipseNode::traverse@144 (line 74)
  0x00000229c36c32a8: 064c 8904 

  0x00000229c36c32ac: ;   {runtime_call throw_class_cast_exception Runtime1 stub}
  0x00000229c36c32ac: 24e8 4ec9 

  0x00000229c36c32b0: ; ImmutableOopMap {[120]=Oop }
                      ;*checkcast {reexecute=0 rethrow=0 return_oop=0}
                      ; - lombok.eclipse.EclipseNode::traverse@153 (line 75)
                      ;   {runtime_call throw_incompatible_class_change_error Runtime1 stub}
  0x00000229c36c32b0: 8406 e849 

  0x00000229c36c32b4: ; ImmutableOopMap {r8=Oop [120]=Oop }
                      ;*invokeinterface endVisitType {reexecute=0 rethrow=0 return_oop=0}
                      ; - lombok.eclipse.EclipseNode::traverse@156 (line 75)
                      ;   {metadata({method} {0x0000022a1ceb4bc8} 'endVisitType' '(Llombok/eclipse/EclipseNode;Lorg/eclipse/jdt/internal/compiler/ast/TypeDeclaration;)V' in 'lombok/eclipse/EclipseASTAdapter')}
  0x00000229c36c32b4: cc84 0649 | bac0 4beb | 1c2a 0200 | 004c 8954 | 2408 48c7 | 0424 ffff 

  0x00000229c36c32cc: ;   {runtime_call counter_overflow Runtime1 stub}
  0x00000229c36c32cc: ffff e82d 

  0x00000229c36c32d0: ; ImmutableOopMap {}
                      ;*synchronization entry
                      ; - lombok.eclipse.EclipseASTAdapter::endVisitType@-1 (line 56)
                      ; - lombok.eclipse.EclipseNode::traverse@156 (line 75)
  0x00000229c36c32d0: f684 06e9 | 14ee ffff 

  0x00000229c36c32d8: ;   {internal_word}
  0x00000229c36c32d8: 49ba 0521 | 6cc3 2902 | 0000 4d89 | 9768 0400 

  0x00000229c36c32e8: ;   {runtime_call SafepointBlob}
  0x00000229c36c32e8: 00e9 1218 | 7a06 4c89 

  0x00000229c36c32f0: ;   {runtime_call throw_class_cast_exception Runtime1 stub}
  0x00000229c36c32f0: 0c24 e809 

  0x00000229c36c32f4: ; ImmutableOopMap {rdx=Oop r8=Oop [112]=Oop [120]=Oop }
                      ;*checkcast {reexecute=0 rethrow=0 return_oop=0}
                      ; - lombok.eclipse.EclipseNode::traverse@90 (line 68)
                      ;   {runtime_call throw_incompatible_class_change_error Runtime1 stub}
  0x00000229c36c32f4: c984 06e8 

  0x00000229c36c32f8: ; ImmutableOopMap {rdx=Oop r8=Oop [112]=Oop [120]=Oop }
                      ;*invokeinterface visitCompilationUnit {reexecute=0 rethrow=0 return_oop=0}
                      ; - lombok.eclipse.EclipseNode::traverse@93 (line 68)
  0x00000229c36c32f8: 04cc 8406 

  0x00000229c36c32fc: ;   {metadata({method} {0x0000022a1ceb48c0} 'visitCompilationUnit' '(Llombok/eclipse/EclipseNode;Lorg/eclipse/jdt/internal/compiler/ast/CompilationUnitDeclaration;)V' in 'lombok/eclipse/EclipseASTAdapter')}
  0x00000229c36c32fc: 49ba b848 | eb1c 2a02 | 0000 4c89 | 5424 0848 | c704 24ff 

  0x00000229c36c3310: ;   {runtime_call counter_overflow Runtime1 stub}
  0x00000229c36c3310: ffff ffe8 

  0x00000229c36c3314: ; ImmutableOopMap {rdx=Oop r8=Oop [112]=Oop [120]=Oop }
                      ;*synchronization entry
                      ; - lombok.eclipse.EclipseASTAdapter::visitCompilationUnit@-1 (line 44)
                      ; - lombok.eclipse.EclipseNode::traverse@93 (line 68)
  0x00000229c36c3314: e8f5 8406 | e96f f0ff 

  0x00000229c36c331c: ;   {runtime_call throw_null_pointer_exception Runtime1 stub}
  0x00000229c36c331c: ffe8 de9e 

  0x00000229c36c3320: ; ImmutableOopMap {rdx=Oop r8=Oop rsi=Oop [112]=Oop [120]=Oop }
                      ;*invokevirtual traverseChildren {reexecute=0 rethrow=0 return_oop=0}
                      ; - lombok.eclipse.EclipseNode::traverse@104 (line 69)
  0x00000229c36c3320: 8406 4c89 

  0x00000229c36c3324: ;   {runtime_call throw_class_cast_exception Runtime1 stub}
  0x00000229c36c3324: 0424 e8d5 

  0x00000229c36c3328: ; ImmutableOopMap {[120]=Oop }
                      ;*checkcast {reexecute=0 rethrow=0 return_oop=0}
                      ; - lombok.eclipse.EclipseNode::traverse@113 (line 70)
                      ;   {runtime_call throw_incompatible_class_change_error Runtime1 stub}
  0x00000229c36c3328: c884 06e8 

  0x00000229c36c332c: ; ImmutableOopMap {r8=Oop [120]=Oop }
                      ;*invokeinterface endVisitCompilationUnit {reexecute=0 rethrow=0 return_oop=0}
                      ; - lombok.eclipse.EclipseNode::traverse@116 (line 70)
  0x00000229c36c332c: d0cb 8406 

  0x00000229c36c3330: ;   {metadata({method} {0x0000022a1ceb4980} 'endVisitCompilationUnit' '(Llombok/eclipse/EclipseNode;Lorg/eclipse/jdt/internal/compiler/ast/CompilationUnitDeclaration;)V' in 'lombok/eclipse/EclipseASTAdapter')}
  0x00000229c36c3330: 49ba 7849 | eb1c 2a02 | 0000 4c89 | 5424 0848 | c704 24ff 

  0x00000229c36c3344: ;   {runtime_call counter_overflow Runtime1 stub}
  0x00000229c36c3344: ffff ffe8 

  0x00000229c36c3348: ; ImmutableOopMap {}
                      ;*synchronization entry
                      ; - lombok.eclipse.EclipseASTAdapter::endVisitCompilationUnit@-1 (line 47)
                      ; - lombok.eclipse.EclipseNode::traverse@116 (line 70)
  0x00000229c36c3348: b4f5 8406 | e9ef f2ff 

  0x00000229c36c3350: ;   {internal_word}
  0x00000229c36c3350: ff49 ba59 | 266c c329 | 0200 004d | 8997 6804 

  0x00000229c36c3360: ;   {runtime_call SafepointBlob}
  0x00000229c36c3360: 0000 e999 

  0x00000229c36c3364: ;   {internal_word}
  0x00000229c36c3364: 177a 0649 | ba6f 266c | c329 0200 | 004d 8997 | 6804 0000 

  0x00000229c36c3378: ;   {runtime_call SafepointBlob}
  0x00000229c36c3378: e983 177a 

  0x00000229c36c337c: ;   {metadata({method} {0x00000229d64617c8} 'append' '(Ljava/lang/String;)Ljava/lang/StringBuilder;' in 'java/lang/StringBuilder')}
  0x00000229c36c337c: 0649 bac0 | 1746 d629 | 0200 004c | 8954 2408 | 48c7 0424 | ffff ffff 

  0x00000229c36c3394: ;   {runtime_call counter_overflow Runtime1 stub}
  0x00000229c36c3394: e867 f584 

  0x00000229c36c3398: ; ImmutableOopMap {rsi=Oop [144]=Oop [152]=Oop }
                      ;*synchronization entry
                      ; - java.lang.StringBuilder::append@-1
                      ; - java.lang.StringBuilder::append@5
                      ; - lombok.eclipse.EclipseNode::traverse@682 (line 128)
  0x00000229c36c3398: 06e9 22f3 

  0x00000229c36c339c: ;   {metadata({method} {0x00000229d6008958} 'toString' '()Ljava/lang/String;' in 'java/lang/StringBuilder')}
  0x00000229c36c339c: ffff 49ba | 5089 00d6 | 2902 0000 | 4c89 5424 | 0848 c704 | 24ff ffff 

  0x00000229c36c33b4: ;   {runtime_call counter_overflow Runtime1 stub}
  0x00000229c36c33b4: ffe8 46f5 

  0x00000229c36c33b8: ; ImmutableOopMap {r8=Oop [152]=Oop }
                      ;*synchronization entry
                      ; - java.lang.StringBuilder::toString@-1
                      ; - lombok.eclipse.EclipseNode::traverse@685 (line 128)
  0x00000229c36c33b8: 8406 e979 | f3ff ff48 

  0x00000229c36c33c0: ;   {runtime_call fast_new_instance Runtime1 stub}
  0x00000229c36c33c0: 8bd2 e839 

  0x00000229c36c33c4: ; ImmutableOopMap {r8=Oop [152]=Oop }
                      ;*new {reexecute=0 rethrow=0 return_oop=0}
                      ; - java.lang.StringBuilder::toString@0
                      ; - lombok.eclipse.EclipseNode::traverse@685 (line 128)
  0x00000229c36c33c4: ad84 06e9 | bcf3 ffff 

  0x00000229c36c33cc: ;   {metadata({method} {0x00000229d6455ab8} '<init>' '(Ljava/lang/StringBuilder;)V' in 'java/lang/String')}
  0x00000229c36c33cc: 49ba b05a | 45d6 2902 | 0000 4c89 | 5424 0848 | c704 24ff 

  0x00000229c36c33e0: ;   {runtime_call counter_overflow Runtime1 stub}
  0x00000229c36c33e0: ffff ffe8 

  0x00000229c36c33e4: ; ImmutableOopMap {r8=Oop rax=Oop [152]=Oop }
                      ;*synchronization entry
                      ; - java.lang.String::<init>@-1
                      ; - java.lang.StringBuilder::toString@5
                      ; - lombok.eclipse.EclipseNode::traverse@685 (line 128)
  0x00000229c36c33e4: 18f5 8406 | e9d9 f3ff 

  0x00000229c36c33ec: ;   {metadata({method} {0x00000229d64617c8} 'append' '(Ljava/lang/String;)Ljava/lang/StringBuilder;' in 'java/lang/StringBuilder')}
  0x00000229c36c33ec: ff49 bac0 | 1746 d629 | 0200 004c | 8954 2408 | 48c7 0424 | ffff ffff 

  0x00000229c36c3404: ;   {runtime_call counter_overflow Runtime1 stub}
  0x00000229c36c3404: e8f7 f484 

  0x00000229c36c3408: ; ImmutableOopMap {rsi=Oop [128]=Oop [136]=Oop }
                      ;*synchronization entry
                      ; - java.lang.StringBuilder::append@-1
                      ; - java.lang.StringBuilder::append@5
                      ; - lombok.eclipse.EclipseNode::traverse@789 (line 142)
  0x00000229c36c3408: 06e9 7ef4 

  0x00000229c36c340c: ;   {metadata({method} {0x00000229d6008958} 'toString' '()Ljava/lang/String;' in 'java/lang/StringBuilder')}
  0x00000229c36c340c: ffff 49ba | 5089 00d6 | 2902 0000 | 4c89 5424 | 0848 c704 | 24ff ffff 

  0x00000229c36c3424: ;   {runtime_call counter_overflow Runtime1 stub}
  0x00000229c36c3424: ffe8 d6f4 

  0x00000229c36c3428: ; ImmutableOopMap {r8=Oop [136]=Oop }
                      ;*synchronization entry
                      ; - java.lang.StringBuilder::toString@-1
                      ; - lombok.eclipse.EclipseNode::traverse@792 (line 142)
  0x00000229c36c3428: 8406 e9d9 | f4ff ff48 

  0x00000229c36c3430: ;   {runtime_call fast_new_instance Runtime1 stub}
  0x00000229c36c3430: 8bd2 e8c9 

  0x00000229c36c3434: ; ImmutableOopMap {r8=Oop [136]=Oop }
                      ;*new {reexecute=0 rethrow=0 return_oop=0}
                      ; - java.lang.StringBuilder::toString@0
                      ; - lombok.eclipse.EclipseNode::traverse@792 (line 142)
  0x00000229c36c3434: ac84 06e9 | 1cf5 ffff 

  0x00000229c36c343c: ;   {metadata({method} {0x00000229d6455ab8} '<init>' '(Ljava/lang/StringBuilder;)V' in 'java/lang/String')}
  0x00000229c36c343c: 49ba b05a | 45d6 2902 | 0000 4c89 | 5424 0848 | c704 24ff 

  0x00000229c36c3450: ;   {runtime_call counter_overflow Runtime1 stub}
  0x00000229c36c3450: ffff ffe8 

  0x00000229c36c3454: ; ImmutableOopMap {r8=Oop rax=Oop [136]=Oop }
                      ;*synchronization entry
                      ; - java.lang.String::<init>@-1
                      ; - java.lang.StringBuilder::toString@5
                      ; - lombok.eclipse.EclipseNode::traverse@792 (line 142)
  0x00000229c36c3454: a8f4 8406 | e939 f5ff | ff49 8b87 | 0005 0000 | 49c7 8700 | 0500 0000 | 0000 0049 | c787 0805 
  0x00000229c36c3474: 0000 0000 | 0000 4881 | c4c0 0000 

  0x00000229c36c3480: ;   {runtime_call unwind_exception Runtime1 stub}
  0x00000229c36c3480: 005d e979 | 8e84 06f4 
[Stub Code]
  0x00000229c36c3488: ;   {no_reloc}
  0x00000229c36c3488: 0f1f 4400 

  0x00000229c36c348c: ;   {static_stub}
  0x00000229c36c348c: 0048 bb00 | 0000 0000 

  0x00000229c36c3494: ;   {runtime_call nmethod}
  0x00000229c36c3494: 0000 00e9 | fbff ffff 

  0x00000229c36c349c: ;   {static_stub}
  0x00000229c36c349c: 9048 bb00 | 0000 0000 

  0x00000229c36c34a4: ;   {runtime_call nmethod}
  0x00000229c36c34a4: 0000 00e9 | fbff ffff 

  0x00000229c36c34ac: ;   {static_stub}
  0x00000229c36c34ac: 9048 bb00 | 0000 0000 

  0x00000229c36c34b4: ;   {runtime_call nmethod}
  0x00000229c36c34b4: 0000 00e9 | fbff ffff 

  0x00000229c36c34bc: ;   {static_stub}
  0x00000229c36c34bc: 9048 bb00 | 0000 0000 

  0x00000229c36c34c4: ;   {runtime_call nmethod}
  0x00000229c36c34c4: 0000 00e9 | fbff ffff 

  0x00000229c36c34cc: ;   {static_stub}
  0x00000229c36c34cc: 9048 bb00 | 0000 0000 

  0x00000229c36c34d4: ;   {runtime_call nmethod}
  0x00000229c36c34d4: 0000 00e9 | fbff ffff 

  0x00000229c36c34dc: ;   {static_stub}
  0x00000229c36c34dc: 9048 bb00 | 0000 0000 

  0x00000229c36c34e4: ;   {runtime_call nmethod}
  0x00000229c36c34e4: 0000 00e9 | fbff ffff 

  0x00000229c36c34ec: ;   {static_stub}
  0x00000229c36c34ec: 9048 bb00 | 0000 0000 

  0x00000229c36c34f4: ;   {runtime_call nmethod}
  0x00000229c36c34f4: 0000 00e9 | fbff ffff 

  0x00000229c36c34fc: ;   {static_stub}
  0x00000229c36c34fc: 9048 bb00 | 0000 0000 

  0x00000229c36c3504: ;   {runtime_call nmethod}
  0x00000229c36c3504: 0000 00e9 | fbff ffff 

  0x00000229c36c350c: ;   {static_stub}
  0x00000229c36c350c: 9048 bb00 | 0000 0000 

  0x00000229c36c3514: ;   {runtime_call nmethod}
  0x00000229c36c3514: 0000 00e9 | fbff ffff 

  0x00000229c36c351c: ;   {static_stub}
  0x00000229c36c351c: 9048 bb00 | 0000 0000 

  0x00000229c36c3524: ;   {runtime_call nmethod}
  0x00000229c36c3524: 0000 00e9 | fbff ffff 

  0x00000229c36c352c: ;   {static_stub}
  0x00000229c36c352c: 9048 bb00 | 0000 0000 

  0x00000229c36c3534: ;   {runtime_call nmethod}
  0x00000229c36c3534: 0000 00e9 | fbff ffff 

  0x00000229c36c353c: ;   {static_stub}
  0x00000229c36c353c: 9048 bb00 | 0000 0000 

  0x00000229c36c3544: ;   {runtime_call nmethod}
  0x00000229c36c3544: 0000 00e9 | fbff ffff 

  0x00000229c36c354c: ;   {static_stub}
  0x00000229c36c354c: 9048 bb00 | 0000 0000 

  0x00000229c36c3554: ;   {runtime_call nmethod}
  0x00000229c36c3554: 0000 00e9 | fbff ffff 

  0x00000229c36c355c: ;   {static_stub}
  0x00000229c36c355c: 9048 bb00 | 0000 0000 

  0x00000229c36c3564: ;   {runtime_call nmethod}
  0x00000229c36c3564: 0000 00e9 | fbff ffff 

  0x00000229c36c356c: ;   {static_stub}
  0x00000229c36c356c: 9048 bb00 | 0000 0000 

  0x00000229c36c3574: ;   {runtime_call nmethod}
  0x00000229c36c3574: 0000 00e9 | fbff ffff 

  0x00000229c36c357c: ;   {static_stub}
  0x00000229c36c357c: 9048 bb00 | 0000 0000 

  0x00000229c36c3584: ;   {runtime_call nmethod}
  0x00000229c36c3584: 0000 00e9 | fbff ffff 

  0x00000229c36c358c: ;   {static_stub}
  0x00000229c36c358c: 9048 bb00 | 0000 0000 

  0x00000229c36c3594: ;   {runtime_call nmethod}
  0x00000229c36c3594: 0000 00e9 | fbff ffff 

  0x00000229c36c359c: ;   {static_stub}
  0x00000229c36c359c: 9048 bb00 | 0000 0000 

  0x00000229c36c35a4: ;   {runtime_call nmethod}
  0x00000229c36c35a4: 0000 00e9 | fbff ffff 

  0x00000229c36c35ac: ;   {static_stub}
  0x00000229c36c35ac: 9048 bb00 | 0000 0000 

  0x00000229c36c35b4: ;   {runtime_call nmethod}
  0x00000229c36c35b4: 0000 00e9 | fbff ffff 

  0x00000229c36c35bc: ;   {static_stub}
  0x00000229c36c35bc: 9048 bb00 | 0000 0000 

  0x00000229c36c35c4: ;   {runtime_call nmethod}
  0x00000229c36c35c4: 0000 00e9 | fbff ffff 

  0x00000229c36c35cc: ;   {static_stub}
  0x00000229c36c35cc: 9048 bb00 | 0000 0000 

  0x00000229c36c35d4: ;   {runtime_call nmethod}
  0x00000229c36c35d4: 0000 00e9 | fbff ffff 

  0x00000229c36c35dc: ;   {static_stub}
  0x00000229c36c35dc: 48bb 0000 | 0000 0000 

  0x00000229c36c35e4: ;   {runtime_call nmethod}
  0x00000229c36c35e4: 0000 e9fb 

  0x00000229c36c35e8: ;   {static_stub}
  0x00000229c36c35e8: ffff ff48 | bb00 0000 | 0000 0000 

  0x00000229c36c35f4: ;   {runtime_call nmethod}
  0x00000229c36c35f4: 00e9 fbff 

  0x00000229c36c35f8: ;   {static_stub}
  0x00000229c36c35f8: ffff 48bb | 0000 0000 | 0000 0000 

  0x00000229c36c3604: ;   {runtime_call nmethod}
  0x00000229c36c3604: e9fb ffff 

  0x00000229c36c3608: ;   {runtime_call handle_exception_from_callee Runtime1 stub}
  0x00000229c36c3608: ffe8 f2bf 

  0x00000229c36c360c: ;   {external_word}
  0x00000229c36c360c: 8406 48b9 | 5063 8e7a | fa7f 0000 | 4883 e4f0 

  0x00000229c36c361c: ;   {runtime_call}
  0x00000229c36c361c: 48b8 c0c9 | 507a fa7f | 0000 ffd0 

  0x00000229c36c3628: ;   {section_word}
  0x00000229c36c3628: f449 ba29 | 366c c329 | 0200 0041 

  0x00000229c36c3634: ;   {runtime_call DeoptimizationBlob}
  0x00000229c36c3634: 52e9 6607 | 7a06 f4f4 | f4f4 f4f4 
[/MachCode]


Compiled method (c1) 13086 7586       3       lombok.eclipse.EclipseAST::traverseChildren (41 bytes)
 total in heap  [0x00000229c36b8390,0x00000229c36b8c78] = 2280
 relocation     [0x00000229c36b84f0,0x00000229c36b8568] = 120
 main code      [0x00000229c36b8580,0x00000229c36b89f0] = 1136
 stub code      [0x00000229c36b89f0,0x00000229c36b8a38] = 72
 oops           [0x00000229c36b8a38,0x00000229c36b8a40] = 8
 metadata       [0x00000229c36b8a40,0x00000229c36b8a68] = 40
 scopes data    [0x00000229c36b8a68,0x00000229c36b8b30] = 200
 scopes pcs     [0x00000229c36b8b30,0x00000229c36b8c30] = 256
 dependencies   [0x00000229c36b8c30,0x00000229c36b8c40] = 16
 nul chk table  [0x00000229c36b8c40,0x00000229c36b8c78] = 56

[Constant Pool (empty)]

[MachCode]
[Entry Point]
  # {method} {0x0000022a1cec3550} 'traverseChildren' '(Llombok/eclipse/EclipseASTVisitor;Llombok/eclipse/EclipseNode;)V' in 'lombok/eclipse/EclipseAST'
  # this:     rdx:rdx   = 'lombok/eclipse/EclipseAST'
  # parm0:    r8:r8     = 'lombok/eclipse/EclipseASTVisitor'
  # parm1:    r9:r9     = 'lombok/eclipse/EclipseNode'
  #           [sp+0x60]  (sp of caller)
  0x00000229c36b8580: 448b 5208 | 49bb 0000 | 00d6 2902 | 0000 4d03 | d34c 3bd0 

  0x00000229c36b8594: ;   {runtime_call ic_miss_stub}
  0x00000229c36b8594: 0f85 e65e | 7a06 660f | 1f44 0000 
[Verified Entry Point]
  0x00000229c36b85a0: 8984 2400 | 80ff ff55 | 4883 ec50 | 4181 7f20 | 0300 0000 

  0x00000229c36b85b4: ;   {runtime_call StubRoutines (final stubs)}
  0x00000229c36b85b4: 7405 e825 | 0479 064c | 8944 2438 

  0x00000229c36b85c0: ;   {metadata(method data for {method} {0x0000022a1cec3550} 'traverseChildren' '(Llombok/eclipse/EclipseASTVisitor;Llombok/eclipse/EclipseNode;)V' in 'lombok/eclipse/EclipseAST')}
  0x00000229c36b85c0: 48be 2036 | f51c 2a02 | 0000 8bbe | cc00 0000 | 83c7 0289 | becc 0000 | 0081 e7fe | 0700 0085 
  0x00000229c36b85e0: ff0f 8411 | 0300 0049 | 3b01 498b 

  0x00000229c36b85ec: ;   {metadata(method data for {method} {0x0000022a1cec3550} 'traverseChildren' '(Llombok/eclipse/EclipseASTVisitor;Llombok/eclipse/EclipseNode;)V' in 'lombok/eclipse/EclipseAST')}
  0x00000229c36b85ec: d148 be20 | 36f5 1c2a | 0200 008b | 5208 49ba | 0000 00d6 | 2902 0000 | 4903 d248 | 3b96 2001 
  0x00000229c36b860c: 0000 750d | 4883 8628 | 0100 0001 | e960 0000 | 0048 3b96 | 3001 0000 | 750d 4883 | 8638 0100 
  0x00000229c36b862c: 0001 e94a | 0000 0048 | 83be 2001 | 0000 0075 | 1748 8996 | 2001 0000 | 48c7 8628 | 0100 0001 
  0x00000229c36b864c: 0000 00e9 | 2900 0000 | 4883 be30 | 0100 0000 | 7517 4889 | 9630 0100 | 0048 c786 | 3801 0000 
  0x00000229c36b866c: 0100 0000 | e908 0000 | 0048 8386 | 1001 0000 | 0141 8b71 | 1848 8974 | 2440 483b | 0648 8bd6 
  0x00000229c36b868c: ;   {metadata(method data for {method} {0x0000022a1cec3550} 'traverseChildren' '(Llombok/eclipse/EclipseASTVisitor;Llombok/eclipse/EclipseNode;)V' in 'lombok/eclipse/EclipseAST')}
  0x00000229c36b868c: 48bf 2036 | f51c 2a02 | 0000 4883 | 8748 0100 

  0x00000229c36b869c: ;   {metadata(method data for {method} {0x0000022a1ce84168} 'size' '()I' in 'lombok/core/LombokImmutableList')}
  0x00000229c36b869c: 0001 48ba | d038 f51c | 2a02 0000 | 8bba cc00 | 0000 83c7 | 0289 bacc | 0000 0081 | e7fe ff1f 
  0x00000229c36b86bc: 0085 ff0f | 845e 0200 | 008b 560c 

  0x00000229c36b86c8: ; implicit exception: dispatches to 0x00000229c36b8944
  0x00000229c36b86c8: 8b7a 0c89 

  0x00000229c36b86cc: ;   {metadata(method data for {method} {0x0000022a1cec3550} 'traverseChildren' '(Llombok/eclipse/EclipseASTVisitor;Llombok/eclipse/EclipseNode;)V' in 'lombok/eclipse/EclipseAST')}
  0x00000229c36b86cc: 7c24 3448 | ba20 36f5 | 1c2a 0200 | 00ff 8280 | 0100 00bb | 0000 0000 | e987 0100 | 000f 1f80 
  0x00000229c36b86ec: 0000 0000 

  0x00000229c36b86f0: ;   {metadata(method data for {method} {0x0000022a1cec3550} 'traverseChildren' '(Llombok/eclipse/EclipseASTVisitor;Llombok/eclipse/EclipseNode;)V' in 'lombok/eclipse/EclipseAST')}
  0x00000229c36b86f0: 488b d648 | b820 36f5 | 1c2a 0200 | 0048 8380 | 9801 0000 

  0x00000229c36b8704: ;   {metadata(method data for {method} {0x0000022a1ce84220} 'get' '(I)Ljava/lang/Object;' in 'lombok/core/LombokImmutableList')}
  0x00000229c36b8704: 0148 ba10 | 3af5 1c2a | 0200 008b | 82cc 0000 | 0083 c002 | 8982 cc00 | 0000 25fe | ff1f 0085 
  0x00000229c36b8724: c00f 841e | 0200 008b | 560c 3b5a | 0c0f 833d | 0200 0048 | 63c3 8b54 | 8210 4885 

  0x00000229c36b8740: ;   {metadata(method data for {method} {0x0000022a1cec3550} 'traverseChildren' '(Llombok/eclipse/EclipseASTVisitor;Llombok/eclipse/EclipseNode;)V' in 'lombok/eclipse/EclipseAST')}
  0x00000229c36b8740: d275 1648 | b920 36f5 | 1c2a 0200 | 0080 89c9 | 0100 0001 | e9cd 0000 

  0x00000229c36b8758: ;   {metadata('lombok/eclipse/EclipseNode')}
  0x00000229c36b8758: 0049 b9e8 | 0b62 d729 | 0200 008b | 4208 49ba | 0000 00d6 | 2902 0000 | 4903 c24c | 3bc8 0f85 
  0x00000229c36b8778: 8e00 0000 

  0x00000229c36b877c: ;   {metadata(method data for {method} {0x0000022a1cec3550} 'traverseChildren' '(Llombok/eclipse/EclipseASTVisitor;Llombok/eclipse/EclipseNode;)V' in 'lombok/eclipse/EclipseAST')}
  0x00000229c36b877c: 48b9 2036 | f51c 2a02 | 0000 448b | 4a08 49ba | 0000 00d6 | 2902 0000 | 4d03 ca4c | 3b89 e001 
  0x00000229c36b879c: 0000 750d | 4883 81e8 | 0100 0001 | e979 0000 | 004c 3b89 | f001 0000 | 750d 4883 | 81f8 0100 
  0x00000229c36b87bc: 0001 e963 | 0000 0048 | 83b9 e001 | 0000 0075 | 174c 8989 | e001 0000 | 48c7 81e8 | 0100 0001 
  0x00000229c36b87dc: 0000 00e9 | 4200 0000 | 4883 b9f0 | 0100 0000 | 7517 4c89 | 89f0 0100 | 0048 c781 | f801 0000 
  0x00000229c36b87fc: 0100 0000 | e921 0000 | 00e9 1c00 

  0x00000229c36b8808: ;   {metadata(method data for {method} {0x0000022a1cec3550} 'traverseChildren' '(Llombok/eclipse/EclipseASTVisitor;Llombok/eclipse/EclipseNode;)V' in 'lombok/eclipse/EclipseAST')}
  0x00000229c36b8808: 0000 48b9 | 2036 f51c | 2a02 0000 | 4883 a9d0 | 0100 0001 | e961 0100 | 00e9 0000 | 0000 483b 
  0x00000229c36b8828: 0248 8bc2 

  0x00000229c36b882c: ;   {metadata(method data for {method} {0x0000022a1cec3550} 'traverseChildren' '(Llombok/eclipse/EclipseASTVisitor;Llombok/eclipse/EclipseNode;)V' in 'lombok/eclipse/EclipseAST')}
  0x00000229c36b882c: 48b9 2036 | f51c 2a02 | 0000 4883 | 8120 0200 | 0001 498b | c04c 8bc0 | 895c 2430 | 0f1f 8000 
  0x00000229c36b884c: ;   {optimized virtual_call}
  0x00000229c36b884c: 0000 00e8 

  0x00000229c36b8850: ; ImmutableOopMap {[56]=Oop [64]=Oop }
                      ;*invokevirtual traverse {reexecute=0 rethrow=0 return_oop=0}
                      ; - lombok.eclipse.EclipseAST::traverseChildren@27 (line 232)
  0x00000229c36b8850: 4c31 0000 

  0x00000229c36b8854: ;   {other}
  0x00000229c36b8854: 0f1f 8400 | c404 0000 | 8b5c 2430 | ffc3 8b7c | 2434 488b | 7424 404c | 8b44 2438 | 3bdf ba02 
  0x00000229c36b8874: 0000 007c | 05ba 0000 

  0x00000229c36b887c: ;   {metadata(method data for {method} {0x0000022a1cec3550} 'traverseChildren' '(Llombok/eclipse/EclipseASTVisitor;Llombok/eclipse/EclipseNode;)V' in 'lombok/eclipse/EclipseAST')}
  0x00000229c36b887c: 0000 48b8 | 2036 f51c | 2a02 0000 | 8b88 d000 | 0000 03ca | 8988 d000 | 0000 85d2 | 7505 b902 
  0x00000229c36b889c: 0000 0081 | e1fe 3f00 | 0085 c90f | 84e3 0000 | 004d 8b97 

  0x00000229c36b88b0: ; ImmutableOopMap {r8=Oop rsi=Oop [56]=Oop [64]=Oop }
                      ;*if_icmplt {reexecute=1 rethrow=0 return_oop=0}
                      ; - (reexecute) lombok.eclipse.EclipseAST::traverseChildren@37 (line 231)
  0x00000229c36b88b0: 5804 0000 

  0x00000229c36b88b4: ;   {poll}
  0x00000229c36b88b4: 4185 023b 

  0x00000229c36b88b8: ;   {metadata(method data for {method} {0x0000022a1cec3550} 'traverseChildren' '(Llombok/eclipse/EclipseASTVisitor;Llombok/eclipse/EclipseNode;)V' in 'lombok/eclipse/EclipseAST')}
  0x00000229c36b88b8: df48 ba20 | 36f5 1c2a | 0200 0048 | c7c0 4002 | 0000 7c07 | 48c7 c050 | 0200 0048 | 8b0c 0248 
  0x00000229c36b88d8: 8d49 0148 | 890c 020f | 8c0b feff | ff48 83c4 

  0x00000229c36b88e8: ;   {poll_return}
  0x00000229c36b88e8: 505d 493b | a750 0400 | 000f 87ba | 0000 00c3 

  0x00000229c36b88f8: ;   {metadata({method} {0x0000022a1cec3550} 'traverseChildren' '(Llombok/eclipse/EclipseASTVisitor;Llombok/eclipse/EclipseNode;)V' in 'lombok/eclipse/EclipseAST')}
  0x00000229c36b88f8: 49ba 4835 | ec1c 2a02 | 0000 4c89 | 5424 0848 | c704 24ff 

  0x00000229c36b890c: ;   {runtime_call counter_overflow Runtime1 stub}
  0x00000229c36b890c: ffff ffe8 

  0x00000229c36b8910: ; ImmutableOopMap {rdx=Oop r8=Oop r9=Oop [56]=Oop }
                      ;*synchronization entry
                      ; - lombok.eclipse.EclipseAST::traverseChildren@-1 (line 229)
  0x00000229c36b8910: ec9f 8506 | e9ce fcff 

  0x00000229c36b8918: ;   {runtime_call throw_null_pointer_exception Runtime1 stub}
  0x00000229c36b8918: ffe8 e248 

  0x00000229c36b891c: ; ImmutableOopMap {r8=Oop r9=Oop [56]=Oop }
                      ;*invokevirtual down {reexecute=0 rethrow=0 return_oop=0}
                      ; - lombok.eclipse.EclipseAST::traverseChildren@1 (line 229)
                      ;   {runtime_call throw_null_pointer_exception Runtime1 stub}
  0x00000229c36b891c: 8506 e8dd 

  0x00000229c36b8920: ; ImmutableOopMap {r8=Oop rsi=Oop [56]=Oop [64]=Oop }
                      ;*invokevirtual size {reexecute=0 rethrow=0 return_oop=0}
                      ; - lombok.eclipse.EclipseAST::traverseChildren@6 (line 230)
                      ;   {metadata({method} {0x0000022a1ce84168} 'size' '()I' in 'lombok/core/LombokImmutableList')}
  0x00000229c36b8920: 4885 0649 | ba60 41e8 | 1c2a 0200 | 004c 8954 | 2408 48c7 | 0424 ffff 

  0x00000229c36b8938: ;   {runtime_call counter_overflow Runtime1 stub}
  0x00000229c36b8938: ffff e8c1 

  0x00000229c36b893c: ; ImmutableOopMap {r8=Oop rsi=Oop [56]=Oop [64]=Oop }
                      ;*synchronization entry
                      ; - lombok.core.LombokImmutableList::size@-1 (line 145)
                      ; - lombok.eclipse.EclipseAST::traverseChildren@6 (line 230)
  0x00000229c36b893c: 9f85 06e9 | 81fd ffff 

  0x00000229c36b8944: ;   {runtime_call throw_null_pointer_exception Runtime1 stub}
  0x00000229c36b8944: e8b7 4885 

  0x00000229c36b8948: ; ImmutableOopMap {r8=Oop rsi=Oop [56]=Oop [64]=Oop }
                      ;*arraylength {reexecute=0 rethrow=0 return_oop=0}
                      ; - lombok.core.LombokImmutableList::size@4 (line 145)
                      ; - lombok.eclipse.EclipseAST::traverseChildren@6 (line 230)
                      ;   {metadata({method} {0x0000022a1ce84220} 'get' '(I)Ljava/lang/Object;' in 'lombok/core/LombokImmutableList')}
  0x00000229c36b8948: 0649 ba18 | 42e8 1c2a | 0200 004c | 8954 2408 | 48c7 0424 | ffff ffff 

  0x00000229c36b8960: ;   {runtime_call counter_overflow Runtime1 stub}
  0x00000229c36b8960: e89b 9f85 

  0x00000229c36b8964: ; ImmutableOopMap {r8=Oop rsi=Oop [56]=Oop [64]=Oop }
                      ;*synchronization entry
                      ; - lombok.core.LombokImmutableList::get@-1 (line 150)
                      ; - lombok.eclipse.EclipseAST::traverseChildren@20 (line 232)
  0x00000229c36b8964: 06e9 c1fd 

  0x00000229c36b8968: ;   {runtime_call throw_null_pointer_exception Runtime1 stub}
  0x00000229c36b8968: ffff e891 

  0x00000229c36b896c: ; ImmutableOopMap {r8=Oop rsi=Oop rdx=Oop [56]=Oop [64]=Oop }
                      ;*aaload {reexecute=0 rethrow=0 return_oop=0}
                      ; - lombok.core.LombokImmutableList::get@5 (line 150)
                      ; - lombok.eclipse.EclipseAST::traverseChildren@20 (line 232)
                      ;   {runtime_call throw_null_pointer_exception Runtime1 stub}
  0x00000229c36b896c: 4885 06e8 

  0x00000229c36b8970: ; ImmutableOopMap {r8=Oop rsi=Oop rdx=Oop [56]=Oop [64]=Oop }
                      ;*aaload {reexecute=0 rethrow=0 return_oop=0}
                      ; - lombok.core.LombokImmutableList::get@5 (line 150)
                      ; - lombok.eclipse.EclipseAST::traverseChildren@20 (line 232)
  0x00000229c36b8970: 8c48 8506 | 4889 1c24 | 4889 5424 

  0x00000229c36b897c: ;   {runtime_call throw_range_check_failed Runtime1 stub}
  0x00000229c36b897c: 08e8 7e3f 

  0x00000229c36b8980: ; ImmutableOopMap {r8=Oop rsi=Oop rdx=Oop [56]=Oop [64]=Oop }
                      ;*aaload {reexecute=0 rethrow=0 return_oop=0}
                      ; - lombok.core.LombokImmutableList::get@5 (line 150)
                      ; - lombok.eclipse.EclipseAST::traverseChildren@20 (line 232)
  0x00000229c36b8980: 8506 4889 

  0x00000229c36b8984: ;   {runtime_call throw_class_cast_exception Runtime1 stub}
  0x00000229c36b8984: 1424 e875 

  0x00000229c36b8988: ; ImmutableOopMap {r8=Oop rsi=Oop [56]=Oop [64]=Oop }
                      ;*checkcast {reexecute=0 rethrow=0 return_oop=0}
                      ; - lombok.eclipse.EclipseAST::traverseChildren@23 (line 232)
                      ;   {runtime_call throw_null_pointer_exception Runtime1 stub}
  0x00000229c36b8988: 7285 06e8 

  0x00000229c36b898c: ; ImmutableOopMap {r8=Oop rsi=Oop rdx=Oop [56]=Oop [64]=Oop }
                      ;*invokevirtual traverse {reexecute=0 rethrow=0 return_oop=0}
                      ; - lombok.eclipse.EclipseAST::traverseChildren@27 (line 232)
  0x00000229c36b898c: 7048 8506 

  0x00000229c36b8990: ;   {metadata({method} {0x0000022a1cec3550} 'traverseChildren' '(Llombok/eclipse/EclipseASTVisitor;Llombok/eclipse/EclipseNode;)V' in 'lombok/eclipse/EclipseAST')}
  0x00000229c36b8990: 49ba 4835 | ec1c 2a02 | 0000 4c89 | 5424 0848 | c704 2425 

  0x00000229c36b89a4: ;   {runtime_call counter_overflow Runtime1 stub}
  0x00000229c36b89a4: 0000 00e8 

  0x00000229c36b89a8: ; ImmutableOopMap {r8=Oop rsi=Oop [56]=Oop [64]=Oop }
                      ;*if_icmplt {reexecute=1 rethrow=0 return_oop=0}
                      ; - (reexecute) lombok.eclipse.EclipseAST::traverseChildren@37 (line 231)
  0x00000229c36b89a8: 549f 8506 | e9fc feff 

  0x00000229c36b89b0: ;   {internal_word}
  0x00000229c36b89b0: ff49 baea | 886b c329 | 0200 004d | 8997 6804 

  0x00000229c36b89c0: ;   {runtime_call SafepointBlob}
  0x00000229c36b89c0: 0000 e939 | c17a 0649 | 8b87 0005 | 0000 49c7 | 8700 0500 | 0000 0000 | 0049 c787 | 0805 0000 
  0x00000229c36b89e0: 0000 0000 | 4883 c450 

  0x00000229c36b89e8: ;   {runtime_call unwind_exception Runtime1 stub}
  0x00000229c36b89e8: 5de9 1239 | 8506 f4f4 
[Stub Code]
  0x00000229c36b89f0: ;   {no_reloc}
  0x00000229c36b89f0: 0f1f 4400 

  0x00000229c36b89f4: ;   {static_stub}
  0x00000229c36b89f4: 0048 bb00 | 0000 0000 

  0x00000229c36b89fc: ;   {runtime_call nmethod}
  0x00000229c36b89fc: 0000 00e9 | fbff ffff 
[Exception Handler]
  0x00000229c36b8a04: ;   {runtime_call handle_exception_from_callee Runtime1 stub}
  0x00000229c36b8a04: e8f7 6b85 

  0x00000229c36b8a08: ;   {external_word}
  0x00000229c36b8a08: 0648 b950 | 638e 7afa | 7f00 0048 

  0x00000229c36b8a14: ;   {runtime_call}
  0x00000229c36b8a14: 83e4 f048 | b8c0 c950 | 7afa 7f00 | 00ff d0f4 
[Deopt Handler Code]
  0x00000229c36b8a24: ;   {section_word}
  0x00000229c36b8a24: 49ba 248a | 6bc3 2902 | 0000 4152 

  0x00000229c36b8a30: ;   {runtime_call DeoptimizationBlob}
  0x00000229c36b8a30: e96b b37a | 06f4 f4f4 
[/MachCode]


---------------  P R O C E S S  ---------------

Threads class SMR info:
_java_thread_list=0x0000022a1e73ebf0, length=64, elements={
0x00000229bd29fb00, 0x00000229bf79e0f0, 0x00000229bf67d5c0, 0x00000229bf682a90,
0x00000229bf6836f0, 0x00000229bf685ba0, 0x0000022a18463a20, 0x0000022a18468430,
0x0000022a1846b3b0, 0x0000022a18677a10, 0x0000022a187b2600, 0x0000022a19c07fc0,
0x0000022a1e1e8960, 0x0000022a1e1d37e0, 0x0000022a1e1d1030, 0x0000022a1e8b12b0,
0x0000022a1e828de0, 0x0000022a1e827200, 0x0000022a1e806440, 0x0000022a1e808510,
0x0000022a1e809230, 0x0000022a1e806ad0, 0x0000022a1e807e80, 0x0000022a1e808ba0,
0x0000022a1e807160, 0x0000022a211524c0, 0x0000022a211552b0, 0x0000022a21153870,
0x0000022a21152b50, 0x0000022a21154590, 0x0000022a211531e0, 0x0000022a21154c20,
0x0000022a21155940, 0x0000022a21156660, 0x0000022a21155fd0, 0x0000022a21156cf0,
0x0000022a21157380, 0x0000022a21153f00, 0x0000022a21157a10, 0x0000022a211580a0,
0x0000022a21158730, 0x0000022a21159ae0, 0x0000022a21158dc0, 0x0000022a21159450,
0x0000022a205d14b0, 0x0000022a205d0790, 0x0000022a205cfa70, 0x0000022a205ce030,
0x0000022a205ced50, 0x0000022a205cf3e0, 0x0000022a205d1b40, 0x0000022a205d0100,
0x0000022a205d0e20, 0x0000022a205ce6c0, 0x0000022a205d2860, 0x0000022a205d3580,
0x0000022a205d3c10, 0x0000022a205d42a0, 0x0000022a205d2ef0, 0x0000022a205d21d0,
0x0000022a205d4930, 0x0000022a205d4fc0, 0x0000022a205d5650, 0x0000022a22270bb0
}

Java Threads: ( => current thread )
  0x00000229bd29fb00 JavaThread "main"                              [_thread_blocked, id=26536, stack(0x000000ea98f00000,0x000000ea99000000) (1024K)]
  0x00000229bf79e0f0 JavaThread "Reference Handler"          daemon [_thread_blocked, id=24768, stack(0x000000ea99300000,0x000000ea99400000) (1024K)]
  0x00000229bf67d5c0 JavaThread "Finalizer"                  daemon [_thread_blocked, id=22368, stack(0x000000ea99400000,0x000000ea99500000) (1024K)]
  0x00000229bf682a90 JavaThread "Signal Dispatcher"          daemon [_thread_blocked, id=2236, stack(0x000000ea99500000,0x000000ea99600000) (1024K)]
  0x00000229bf6836f0 JavaThread "Attach Listener"            daemon [_thread_blocked, id=2000, stack(0x000000ea99600000,0x000000ea99700000) (1024K)]
  0x00000229bf685ba0 JavaThread "Service Thread"             daemon [_thread_blocked, id=21704, stack(0x000000ea99700000,0x000000ea99800000) (1024K)]
  0x0000022a18463a20 JavaThread "Monitor Deflation Thread"   daemon [_thread_blocked, id=23152, stack(0x000000ea99800000,0x000000ea99900000) (1024K)]
  0x0000022a18468430 JavaThread "C2 CompilerThread0"         daemon [_thread_blocked, id=9220, stack(0x000000ea99900000,0x000000ea99a00000) (1024K)]
  0x0000022a1846b3b0 JavaThread "C1 CompilerThread0"         daemon [_thread_blocked, id=6888, stack(0x000000ea99a00000,0x000000ea99b00000) (1024K)]
  0x0000022a18677a10 JavaThread "Common-Cleaner"             daemon [_thread_blocked, id=24600, stack(0x000000ea99c00000,0x000000ea99d00000) (1024K)]
  0x0000022a187b2600 JavaThread "Notification Thread"        daemon [_thread_blocked, id=12120, stack(0x000000ea99d00000,0x000000ea99e00000) (1024K)]
  0x0000022a19c07fc0 JavaThread "Active Thread: Equinox Container: a484a55b-f4da-4e45-a460-5dfccfc9420c"        [_thread_blocked, id=8896, stack(0x000000ea9a400000,0x000000ea9a500000) (1024K)]
  0x0000022a1e1e8960 JavaThread "Refresh Thread: Equinox Container: a484a55b-f4da-4e45-a460-5dfccfc9420c" daemon [_thread_blocked, id=4064, stack(0x000000ea9a600000,0x000000ea9a700000) (1024K)]
  0x0000022a1e1d37e0 JavaThread "Framework Event Dispatcher: Equinox Container: a484a55b-f4da-4e45-a460-5dfccfc9420c" daemon [_thread_blocked, id=17380, stack(0x000000ea9a700000,0x000000ea9a800000) (1024K)]
  0x0000022a1e1d1030 JavaThread "Start Level: Equinox Container: a484a55b-f4da-4e45-a460-5dfccfc9420c" daemon [_thread_blocked, id=8588, stack(0x000000ea9a800000,0x000000ea9a900000) (1024K)]
  0x0000022a1e8b12b0 JavaThread "Bundle File Closer"         daemon [_thread_blocked, id=13944, stack(0x000000ea9ab00000,0x000000ea9ac00000) (1024K)]
  0x0000022a1e828de0 JavaThread "SCR Component Actor"        daemon [_thread_blocked, id=23032, stack(0x000000ea99b00000,0x000000ea99c00000) (1024K)]
  0x0000022a1e827200 JavaThread "Worker-JM"                         [_thread_blocked, id=26228, stack(0x000000ea9ae00000,0x000000ea9af00000) (1024K)]
  0x0000022a1e806440 JavaThread "JNA Cleaner"                daemon [_thread_blocked, id=23652, stack(0x000000ea9af00000,0x000000ea9b000000) (1024K)]
  0x0000022a1e808510 JavaThread "Worker-0"                          [_thread_blocked, id=22864, stack(0x000000ea9b000000,0x000000ea9b100000) (1024K)]
  0x0000022a1e809230 JavaThread "Worker-1"                          [_thread_blocked, id=13128, stack(0x000000ea9b100000,0x000000ea9b200000) (1024K)]
=>0x0000022a1e806ad0 JavaThread "Worker-2: Building"                [_thread_in_vm, id=25876, stack(0x000000ea9b200000,0x000000ea9b300000) (1024K)]
  0x0000022a1e807e80 JavaThread "Java indexing"              daemon [_thread_blocked, id=26664, stack(0x000000ea9b300000,0x000000ea9b400000) (1024K)]
  0x0000022a1e808ba0 JavaThread "Worker-3"                          [_thread_blocked, id=11672, stack(0x000000ea9b400000,0x000000ea9b500000) (1024K)]
  0x0000022a1e807160 JavaThread "Worker-4"                          [_thread_blocked, id=15344, stack(0x000000ea9b500000,0x000000ea9b600000) (1024K)]
  0x0000022a211524c0 JavaThread "Worker-5"                          [_thread_blocked, id=24296, stack(0x000000ea9b600000,0x000000ea9b700000) (1024K)]
  0x0000022a211552b0 JavaThread "Thread-1"                   daemon [_thread_in_native, id=14668, stack(0x000000ea9b700000,0x000000ea9b800000) (1024K)]
  0x0000022a21153870 JavaThread "Thread-2"                   daemon [_thread_in_native, id=3152, stack(0x000000ea9b800000,0x000000ea9b900000) (1024K)]
  0x0000022a21152b50 JavaThread "Thread-3"                   daemon [_thread_in_native, id=10044, stack(0x000000ea9b900000,0x000000ea9ba00000) (1024K)]
  0x0000022a21154590 JavaThread "Thread-4"                   daemon [_thread_in_native, id=24704, stack(0x000000ea9ba00000,0x000000ea9bb00000) (1024K)]
  0x0000022a211531e0 JavaThread "Thread-5"                   daemon [_thread_in_native, id=3016, stack(0x000000ea9bb00000,0x000000ea9bc00000) (1024K)]
  0x0000022a21154c20 JavaThread "Thread-6"                   daemon [_thread_in_native, id=5212, stack(0x000000ea9bc00000,0x000000ea9bd00000) (1024K)]
  0x0000022a21155940 JavaThread "Thread-7"                   daemon [_thread_in_native, id=22424, stack(0x000000ea9bd00000,0x000000ea9be00000) (1024K)]
  0x0000022a21156660 JavaThread "Thread-8"                   daemon [_thread_in_native, id=15696, stack(0x000000ea9be00000,0x000000ea9bf00000) (1024K)]
  0x0000022a21155fd0 JavaThread "Thread-9"                   daemon [_thread_in_native, id=21860, stack(0x000000ea9bf00000,0x000000ea9c000000) (1024K)]
  0x0000022a21156cf0 JavaThread "Thread-10"                  daemon [_thread_in_native, id=25176, stack(0x000000ea9c000000,0x000000ea9c100000) (1024K)]
  0x0000022a21157380 JavaThread "Thread-11"                  daemon [_thread_in_native, id=4796, stack(0x000000ea9c100000,0x000000ea9c200000) (1024K)]
  0x0000022a21153f00 JavaThread "Thread-12"                  daemon [_thread_in_native, id=18752, stack(0x000000ea9c200000,0x000000ea9c300000) (1024K)]
  0x0000022a21157a10 JavaThread "Thread-13"                  daemon [_thread_in_native, id=22496, stack(0x000000ea9c300000,0x000000ea9c400000) (1024K)]
  0x0000022a211580a0 JavaThread "pool-2-thread-1"                   [_thread_blocked, id=9832, stack(0x000000ea9c400000,0x000000ea9c500000) (1024K)]
  0x0000022a21158730 JavaThread "WorkspaceEventsHandler"            [_thread_blocked, id=10944, stack(0x000000ea9c500000,0x000000ea9c600000) (1024K)]
  0x0000022a21159ae0 JavaThread "pool-1-thread-1"                   [_thread_blocked, id=12192, stack(0x000000ea9c600000,0x000000ea9c700000) (1024K)]
  0x0000022a21158dc0 JavaThread "LocalFile Deleter"          daemon [_thread_blocked, id=8372, stack(0x000000ea9c700000,0x000000ea9c800000) (1024K)]
  0x0000022a21159450 JavaThread "LocalFile Deleter"          daemon [_thread_blocked, id=16952, stack(0x000000ea9c800000,0x000000ea9c900000) (1024K)]
  0x0000022a205d14b0 JavaThread "LocalFile Deleter"          daemon [_thread_blocked, id=20012, stack(0x000000ea9c900000,0x000000ea9ca00000) (1024K)]
  0x0000022a205d0790 JavaThread "LocalFile Deleter"          daemon [_thread_blocked, id=25008, stack(0x000000ea9ca00000,0x000000ea9cb00000) (1024K)]
  0x0000022a205cfa70 JavaThread "LocalFile Deleter"          daemon [_thread_blocked, id=24132, stack(0x000000ea9cb00000,0x000000ea9cc00000) (1024K)]
  0x0000022a205ce030 JavaThread "LocalFile Deleter"          daemon [_thread_blocked, id=14804, stack(0x000000ea9cc00000,0x000000ea9cd00000) (1024K)]
  0x0000022a205ced50 JavaThread "LocalFile Deleter"          daemon [_thread_blocked, id=18384, stack(0x000000ea9cd00000,0x000000ea9ce00000) (1024K)]
  0x0000022a205cf3e0 JavaThread "LocalFile Deleter"          daemon [_thread_blocked, id=8460, stack(0x000000ea9ce00000,0x000000ea9cf00000) (1024K)]
  0x0000022a205d1b40 JavaThread "LocalFile Deleter"          daemon [_thread_blocked, id=8672, stack(0x000000ea9cf00000,0x000000ea9d000000) (1024K)]
  0x0000022a205d0100 JavaThread "LocalFile Deleter"          daemon [_thread_blocked, id=11980, stack(0x000000ea9d000000,0x000000ea9d100000) (1024K)]
  0x0000022a205d0e20 JavaThread "LocalFile Deleter"          daemon [_thread_blocked, id=3272, stack(0x000000ea9d100000,0x000000ea9d200000) (1024K)]
  0x0000022a205ce6c0 JavaThread "LocalFile Deleter"          daemon [_thread_blocked, id=14136, stack(0x000000ea9d200000,0x000000ea9d300000) (1024K)]
  0x0000022a205d2860 JavaThread "Compiler Source File Reader" daemon [_thread_blocked, id=8820, stack(0x000000ea9d300000,0x000000ea9d400000) (1024K)]
  0x0000022a205d3580 JavaThread "Compiler Source File Reader" daemon [_thread_blocked, id=11372, stack(0x000000ea9d400000,0x000000ea9d500000) (1024K)]
  0x0000022a205d3c10 JavaThread "Compiler Source File Reader" daemon [_thread_blocked, id=5432, stack(0x000000ea9d500000,0x000000ea9d600000) (1024K)]
  0x0000022a205d42a0 JavaThread "Compiler Source File Reader" daemon [_thread_blocked, id=26772, stack(0x000000ea9d600000,0x000000ea9d700000) (1024K)]
  0x0000022a205d2ef0 JavaThread "Compiler Source File Reader" daemon [_thread_blocked, id=25588, stack(0x000000ea9d700000,0x000000ea9d800000) (1024K)]
  0x0000022a205d21d0 JavaThread "Compiler Source File Reader" daemon [_thread_blocked, id=4248, stack(0x000000ea9d800000,0x000000ea9d900000) (1024K)]
  0x0000022a205d4930 JavaThread "Compiler Source File Reader" daemon [_thread_blocked, id=27120, stack(0x000000ea9d900000,0x000000ea9da00000) (1024K)]
  0x0000022a205d4fc0 JavaThread "Compiler Source File Reader" daemon [_thread_blocked, id=16400, stack(0x000000ea9da00000,0x000000ea9db00000) (1024K)]
  0x0000022a205d5650 JavaThread "Compiler Source File Reader" daemon [_thread_blocked, id=4224, stack(0x000000ea9db00000,0x000000ea9dc00000) (1024K)]
  0x0000022a22270bb0 JavaThread "Compiler Source File Reader" daemon [_thread_blocked, id=1512, stack(0x000000ea9dc00000,0x000000ea9dd00000) (1024K)]
Total: 64

Other Threads:
  0x0000022a184610a0 VMThread "VM Thread"                           [id=9820, stack(0x000000ea99200000,0x000000ea99300000) (1024K)]
  0x00000229bf56ba00 WatcherThread "VM Periodic Task Thread"        [id=20932, stack(0x000000ea99100000,0x000000ea99200000) (1024K)]
  0x00000229bf709d30 WorkerThread "GC Thread#0"                     [id=16140, stack(0x000000ea99000000,0x000000ea99100000) (1024K)]
  0x0000022a199f1500 WorkerThread "GC Thread#1"                     [id=20008, stack(0x000000ea99e00000,0x000000ea99f00000) (1024K)]
  0x0000022a199f0290 WorkerThread "GC Thread#2"                     [id=132, stack(0x000000ea99f00000,0x000000ea9a000000) (1024K)]
  0x0000022a199f0640 WorkerThread "GC Thread#3"                     [id=20612, stack(0x000000ea9a000000,0x000000ea9a100000) (1024K)]
  0x0000022a199f0da0 WorkerThread "GC Thread#4"                     [id=23252, stack(0x000000ea9a100000,0x000000ea9a200000) (1024K)]
  0x0000022a199efb30 WorkerThread "GC Thread#5"                     [id=7144, stack(0x000000ea9a200000,0x000000ea9a300000) (1024K)]
  0x0000022a199f1150 WorkerThread "GC Thread#6"                     [id=10764, stack(0x000000ea9a300000,0x000000ea9a400000) (1024K)]
  0x0000022a199efee0 WorkerThread "GC Thread#7"                     [id=27200, stack(0x000000ea9a500000,0x000000ea9a600000) (1024K)]
  0x0000022a1e8c0290 WorkerThread "GC Thread#8"                     [id=22852, stack(0x000000ea9a900000,0x000000ea9aa00000) (1024K)]
  0x0000022a1e8c0640 WorkerThread "GC Thread#9"                     [id=2144, stack(0x000000ea9aa00000,0x000000ea9ab00000) (1024K)]
Total: 12

Threads with active compile tasks:
Total: 0

VM state: not at safepoint (normal execution)

VM Mutex/Monitor currently owned by a thread:  ([mutex/lock_event])
[0x00007ffa7ab9d530] Metaspace_lock - owner thread: 0x0000022a1e806ad0

Heap address: 0x0000000080000000, size: 2048 MB, Compressed Oops mode: 32-bit

CDS archive(s) mapped at: [0x00000229d6000000-0x00000229d6ba0000-0x00000229d6ba0000), size 12189696, SharedBaseAddress: 0x00000229d6000000, ArchiveRelocationMode: 1.
Compressed class space mapped at: 0x00000229d7000000-0x0000022a17000000, reserved size: 1073741824
Narrow klass base: 0x00000229d6000000, Narrow klass shift: 0, Narrow klass range: 0x100000000

GC Precious Log:
 CardTable entry size: 512
 CPUs: 12 total, 12 available
 Memory: 7518M
 Large Page Support: Disabled
 NUMA Support: Disabled
 Compressed Oops: Enabled (32-bit)
 Alignments: Space 512K, Generation 512K, Heap 2M
 Heap Min Capacity: 100M
 Heap Initial Capacity: 100M
 Heap Max Capacity: 2G
 Pre-touch: Disabled
 Parallel Workers: 10

Heap:
 PSYoungGen      total 22016K, used 13140K [0x00000000d5580000, 0x00000000d7500000, 0x0000000100000000)
  eden space 20992K, 57% used [0x00000000d5580000,0x00000000d6155ab0,0x00000000d6a00000)
  from space 1024K, 99% used [0x00000000d6a00000,0x00000000d6aff620,0x00000000d6b00000)
  to   space 5632K, 0% used [0x00000000d6f80000,0x00000000d6f80000,0x00000000d7500000)
 ParOldGen       total 68608K, used 46181K [0x0000000080000000, 0x0000000084300000, 0x00000000d5580000)
  object space 68608K, 67% used [0x0000000080000000,0x0000000082d19470,0x0000000084300000)
 Metaspace       used 54579K, committed 55872K, reserved 1114112K
  class space    used 5934K, committed 6528K, reserved 1048576K

Card table byte_map: [0x00000229bf080000,0x00000229bf490000] _byte_map_base: 0x00000229bec80000

Marking Bits: (ParMarkBitMap*) 0x00007ffa7aba44a0
 Begin Bits: [0x00000229d1b90000, 0x00000229d3b90000)
 End Bits:   [0x00000229d3b90000, 0x00000229d5b90000)

Polling page: 0x00000229bd720000

Metaspace:

Usage:
  Non-class:     47.51 MB used.
      Class:      5.80 MB used.
       Both:     53.30 MB used.

Virtual space:
  Non-class space:       64.00 MB reserved,      48.19 MB ( 75%) committed,  1 nodes.
      Class space:        1.00 GB reserved,       6.38 MB ( <1%) committed,  1 nodes.
             Both:        1.06 GB reserved,      54.56 MB (  5%) committed. 

Chunk freelists:
   Non-Class:  15.67 MB
       Class:  9.61 MB
        Both:  25.28 MB

MaxMetaspaceSize: unlimited
CompressedClassSpaceSize: 1.00 GB
Initial GC threshold: 21.00 MB
Current GC threshold: 58.38 MB
CDS: on
 - commit_granule_bytes: 65536.
 - commit_granule_words: 8192.
 - virtual_space_node_default_size: 8388608.
 - enlarge_chunks_in_place: 1.
 - use_allocation_guard: 0.


Internal statistics:

num_allocs_failed_limit: 6.
num_arena_births: 1052.
num_arena_deaths: 14.
num_vsnodes_births: 2.
num_vsnodes_deaths: 0.
num_space_committed: 873.
num_space_uncommitted: 0.
num_chunks_returned_to_freelist: 20.
num_chunks_taken_from_freelist: 3629.
num_chunk_merges: 12.
num_chunk_splits: 2198.
num_chunks_enlarged: 1155.
num_inconsistent_stats: 0.

CodeHeap 'non-profiled nmethods': size=120000Kb used=3851Kb max_used=3851Kb free=116149Kb
 bounds [0x00000229ca3b0000, 0x00000229ca780000, 0x00000229d18e0000]
CodeHeap 'profiled nmethods': size=120000Kb used=14589Kb max_used=14589Kb free=105410Kb
 bounds [0x00000229c28e0000, 0x00000229c3720000, 0x00000229c9e10000]
CodeHeap 'non-nmethods': size=5760Kb used=1393Kb max_used=1469Kb free=4366Kb
 bounds [0x00000229c9e10000, 0x00000229ca080000, 0x00000229ca3b0000]
CodeCache: size=245760Kb, used=19833Kb, max_used=19909Kb, free=225925Kb
 total_blobs=7802, nmethods=7101, adapters=606, full_count=0
Compilation: enabled, stopped_count=0, restarted_count=0

Compilation events (20 events):
Event: 12.302 Thread 0x0000022a1846b3b0 7693       3       java.util.regex.Pattern$Caret::match (124 bytes)
Event: 12.303 Thread 0x0000022a1846b3b0 nmethod 7693 0x00000229c3716310 code [0x00000229c3716520, 0x00000229c3716c68]
Event: 12.303 Thread 0x0000022a18468430 7694       4       java.util.ArrayList::toArray (57 bytes)
Event: 12.303 Thread 0x0000022a1846b3b0 7695       3       lombok.eclipse.handlers.EclipseHandlerUtil::annotationTypeMatches (28 bytes)
Event: 12.304 Thread 0x0000022a1846b3b0 nmethod 7695 0x00000229c3716e90 code [0x00000229c3717080, 0x00000229c3717598]
Event: 12.304 Thread 0x0000022a1846b3b0 7696       3       java.lang.IllegalArgumentException::<init> (6 bytes)
Event: 12.304 Thread 0x0000022a1846b3b0 nmethod 7696 0x00000229c3717790 code [0x00000229c3717940, 0x00000229c3717b30]
Event: 12.305 Thread 0x0000022a1846b3b0 7697       3       java.io.File::<init> (196 bytes)
Event: 12.305 Thread 0x0000022a1846b3b0 nmethod 7697 0x00000229c3717c10 code [0x00000229c3717f00, 0x00000229c3718c80]
Event: 12.305 Thread 0x0000022a1846b3b0 7698       3       java.io.WinNTFileSystem::fromURIPath (89 bytes)
Event: 12.307 Thread 0x0000022a1846b3b0 nmethod 7698 0x00000229c3719110 code [0x00000229c3719440, 0x00000229c371a6d0]
Event: 12.307 Thread 0x0000022a1846b3b0 7702       3       java.lang.Boolean::equals (29 bytes)
Event: 12.307 Thread 0x0000022a1846b3b0 nmethod 7702 0x00000229c371ae10 code [0x00000229c371afc0, 0x00000229c371b390]
Event: 12.307 Thread 0x0000022a1846b3b0 7700       3       lombok.core.LombokConfiguration::read (16 bytes)
Event: 12.307 Thread 0x0000022a18468430 nmethod 7694 0x00000229ca771d90 code [0x00000229ca771f40, 0x00000229ca772468]
Event: 12.307 Thread 0x0000022a18468430 7699       4       java.util.ArrayList::toArray (12 bytes)
Event: 12.307 Thread 0x0000022a1846b3b0 nmethod 7700 0x00000229c371b490 code [0x00000229c371b680, 0x00000229c371ba98]
Event: 12.307 Thread 0x0000022a1846b3b0 7701       3       lombok.core.LombokConfiguration::read (9 bytes)
Event: 12.307 Thread 0x0000022a1846b3b0 nmethod 7701 0x00000229c371bd10 code [0x00000229c371bf20, 0x00000229c371c498]
Event: 12.309 Thread 0x0000022a18468430 nmethod 7699 0x00000229ca772610 code [0x00000229ca7727a0, 0x00000229ca772ab0]

GC Heap History (20 events):
Event: 8.249 GC heap before
{Heap before GC invocations=22 (full 2):
 PSYoungGen      total 23552K, used 23436K [0x00000000d5580000, 0x00000000d6f80000, 0x0000000100000000)
  eden space 21504K, 100% used [0x00000000d5580000,0x00000000d6a80000,0x00000000d6a80000)
  from space 2048K, 94% used [0x00000000d6a80000,0x00000000d6c633f8,0x00000000d6c80000)
  to   space 2560K, 0% used [0x00000000d6d00000,0x00000000d6d00000,0x00000000d6f80000)
 ParOldGen       total 68608K, used 28707K [0x0000000080000000, 0x0000000084300000, 0x00000000d5580000)
  object space 68608K, 41% used [0x0000000080000000,0x0000000081c08c60,0x0000000084300000)
 Metaspace       used 42147K, committed 43456K, reserved 1114112K
  class space    used 4489K, committed 5056K, reserved 1048576K
}
Event: 8.254 GC heap after
{Heap after GC invocations=22 (full 2):
 PSYoungGen      total 23552K, used 1888K [0x00000000d5580000, 0x00000000d6f00000, 0x0000000100000000)
  eden space 21504K, 0% used [0x00000000d5580000,0x00000000d5580000,0x00000000d6a80000)
  from space 2048K, 92% used [0x00000000d6d00000,0x00000000d6ed8000,0x00000000d6f00000)
  to   space 2048K, 0% used [0x00000000d6a80000,0x00000000d6a80000,0x00000000d6c80000)
 ParOldGen       total 68608K, used 30459K [0x0000000080000000, 0x0000000084300000, 0x00000000d5580000)
  object space 68608K, 44% used [0x0000000080000000,0x0000000081dbec70,0x0000000084300000)
 Metaspace       used 42147K, committed 43456K, reserved 1114112K
  class space    used 4489K, committed 5056K, reserved 1048576K
}
Event: 8.335 GC heap before
{Heap before GC invocations=23 (full 2):
 PSYoungGen      total 23552K, used 23392K [0x00000000d5580000, 0x00000000d6f00000, 0x0000000100000000)
  eden space 21504K, 100% used [0x00000000d5580000,0x00000000d6a80000,0x00000000d6a80000)
  from space 2048K, 92% used [0x00000000d6d00000,0x00000000d6ed8000,0x00000000d6f00000)
  to   space 2048K, 0% used [0x00000000d6a80000,0x00000000d6a80000,0x00000000d6c80000)
 ParOldGen       total 68608K, used 30459K [0x0000000080000000, 0x0000000084300000, 0x00000000d5580000)
  object space 68608K, 44% used [0x0000000080000000,0x0000000081dbec70,0x0000000084300000)
 Metaspace       used 42431K, committed 43712K, reserved 1114112K
  class space    used 4531K, committed 5120K, reserved 1048576K
}
Event: 8.341 GC heap after
{Heap after GC invocations=23 (full 2):
 PSYoungGen      total 23552K, used 2020K [0x00000000d5580000, 0x00000000d7280000, 0x0000000100000000)
  eden space 21504K, 0% used [0x00000000d5580000,0x00000000d5580000,0x00000000d6a80000)
  from space 2048K, 98% used [0x00000000d6a80000,0x00000000d6c79000,0x00000000d6c80000)
  to   space 4096K, 0% used [0x00000000d6e80000,0x00000000d6e80000,0x00000000d7280000)
 ParOldGen       total 68608K, used 32190K [0x0000000080000000, 0x0000000084300000, 0x00000000d5580000)
  object space 68608K, 46% used [0x0000000080000000,0x0000000081f6f978,0x0000000084300000)
 Metaspace       used 42431K, committed 43712K, reserved 1114112K
  class space    used 4531K, committed 5120K, reserved 1048576K
}
Event: 8.454 GC heap before
{Heap before GC invocations=24 (full 2):
 PSYoungGen      total 23552K, used 23524K [0x00000000d5580000, 0x00000000d7280000, 0x0000000100000000)
  eden space 21504K, 100% used [0x00000000d5580000,0x00000000d6a80000,0x00000000d6a80000)
  from space 2048K, 98% used [0x00000000d6a80000,0x00000000d6c79000,0x00000000d6c80000)
  to   space 4096K, 0% used [0x00000000d6e80000,0x00000000d6e80000,0x00000000d7280000)
 ParOldGen       total 68608K, used 32190K [0x0000000080000000, 0x0000000084300000, 0x00000000d5580000)
  object space 68608K, 46% used [0x0000000080000000,0x0000000081f6f978,0x0000000084300000)
 Metaspace       used 43564K, committed 44864K, reserved 1114112K
  class space    used 4668K, committed 5248K, reserved 1048576K
}
Event: 8.459 GC heap after
{Heap after GC invocations=24 (full 2):
 PSYoungGen      total 23552K, used 1760K [0x00000000d5580000, 0x00000000d7080000, 0x0000000100000000)
  eden space 21504K, 0% used [0x00000000d5580000,0x00000000d5580000,0x00000000d6a80000)
  from space 2048K, 85% used [0x00000000d6e80000,0x00000000d7038010,0x00000000d7080000)
  to   space 2560K, 0% used [0x00000000d6b80000,0x00000000d6b80000,0x00000000d6e00000)
 ParOldGen       total 68608K, used 34158K [0x0000000080000000, 0x0000000084300000, 0x00000000d5580000)
  object space 68608K, 49% used [0x0000000080000000,0x000000008215ba78,0x0000000084300000)
 Metaspace       used 43564K, committed 44864K, reserved 1114112K
  class space    used 4668K, committed 5248K, reserved 1048576K
}
Event: 8.517 GC heap before
{Heap before GC invocations=25 (full 2):
 PSYoungGen      total 23552K, used 23264K [0x00000000d5580000, 0x00000000d7080000, 0x0000000100000000)
  eden space 21504K, 100% used [0x00000000d5580000,0x00000000d6a80000,0x00000000d6a80000)
  from space 2048K, 85% used [0x00000000d6e80000,0x00000000d7038010,0x00000000d7080000)
  to   space 2560K, 0% used [0x00000000d6b80000,0x00000000d6b80000,0x00000000d6e00000)
 ParOldGen       total 68608K, used 34158K [0x0000000080000000, 0x0000000084300000, 0x00000000d5580000)
  object space 68608K, 49% used [0x0000000080000000,0x000000008215ba78,0x0000000084300000)
 Metaspace       used 44513K, committed 45824K, reserved 1114112K
  class space    used 4789K, committed 5376K, reserved 1048576K
}
Event: 8.521 GC heap after
{Heap after GC invocations=25 (full 2):
 PSYoungGen      total 23552K, used 1576K [0x00000000d5580000, 0x00000000d6f00000, 0x0000000100000000)
  eden space 21504K, 0% used [0x00000000d5580000,0x00000000d5580000,0x00000000d6a80000)
  from space 2048K, 76% used [0x00000000d6b80000,0x00000000d6d0a028,0x00000000d6d80000)
  to   space 1536K, 0% used [0x00000000d6d80000,0x00000000d6d80000,0x00000000d6f00000)
 ParOldGen       total 68608K, used 35771K [0x0000000080000000, 0x0000000084300000, 0x00000000d5580000)
  object space 68608K, 52% used [0x0000000080000000,0x00000000822eed28,0x0000000084300000)
 Metaspace       used 44513K, committed 45824K, reserved 1114112K
  class space    used 4789K, committed 5376K, reserved 1048576K
}
Event: 8.574 GC heap before
{Heap before GC invocations=26 (full 2):
 PSYoungGen      total 23552K, used 23080K [0x00000000d5580000, 0x00000000d6f00000, 0x0000000100000000)
  eden space 21504K, 100% used [0x00000000d5580000,0x00000000d6a80000,0x00000000d6a80000)
  from space 2048K, 76% used [0x00000000d6b80000,0x00000000d6d0a028,0x00000000d6d80000)
  to   space 1536K, 0% used [0x00000000d6d80000,0x00000000d6d80000,0x00000000d6f00000)
 ParOldGen       total 68608K, used 35771K [0x0000000080000000, 0x0000000084300000, 0x00000000d5580000)
  object space 68608K, 52% used [0x0000000080000000,0x00000000822eed28,0x0000000084300000)
 Metaspace       used 44950K, committed 46208K, reserved 1114112K
  class space    used 4838K, committed 5440K, reserved 1048576K
}
Event: 8.576 GC heap after
{Heap after GC invocations=26 (full 2):
 PSYoungGen      total 22528K, used 1528K [0x00000000d5580000, 0x00000000d7180000, 0x0000000100000000)
  eden space 20992K, 0% used [0x00000000d5580000,0x00000000d5580000,0x00000000d6a00000)
  from space 1536K, 99% used [0x00000000d6d80000,0x00000000d6efe200,0x00000000d6f00000)
  to   space 3584K, 0% used [0x00000000d6a00000,0x00000000d6a00000,0x00000000d6d80000)
 ParOldGen       total 68608K, used 37298K [0x0000000080000000, 0x0000000084300000, 0x00000000d5580000)
  object space 68608K, 54% used [0x0000000080000000,0x000000008246cb18,0x0000000084300000)
 Metaspace       used 44950K, committed 46208K, reserved 1114112K
  class space    used 4838K, committed 5440K, reserved 1048576K
}
Event: 8.802 GC heap before
{Heap before GC invocations=27 (full 2):
 PSYoungGen      total 22528K, used 22520K [0x00000000d5580000, 0x00000000d7180000, 0x0000000100000000)
  eden space 20992K, 99% used [0x00000000d5580000,0x00000000d69ffea8,0x00000000d6a00000)
  from space 1536K, 99% used [0x00000000d6d80000,0x00000000d6efe200,0x00000000d6f00000)
  to   space 3584K, 0% used [0x00000000d6a00000,0x00000000d6a00000,0x00000000d6d80000)
 ParOldGen       total 68608K, used 37298K [0x0000000080000000, 0x0000000084300000, 0x00000000d5580000)
  object space 68608K, 54% used [0x0000000080000000,0x000000008246cb18,0x0000000084300000)
 Metaspace       used 47160K, committed 48448K, reserved 1114112K
  class space    used 5100K, committed 5696K, reserved 1048576K
}
Event: 8.806 GC heap after
{Heap after GC invocations=27 (full 2):
 PSYoungGen      total 23040K, used 1748K [0x00000000d5580000, 0x00000000d6f00000, 0x0000000100000000)
  eden space 20992K, 0% used [0x00000000d5580000,0x00000000d5580000,0x00000000d6a00000)
  from space 2048K, 85% used [0x00000000d6a00000,0x00000000d6bb5278,0x00000000d6c00000)
  to   space 2560K, 0% used [0x00000000d6c80000,0x00000000d6c80000,0x00000000d6f00000)
 ParOldGen       total 68608K, used 38794K [0x0000000080000000, 0x0000000084300000, 0x00000000d5580000)
  object space 68608K, 56% used [0x0000000080000000,0x00000000825e2a70,0x0000000084300000)
 Metaspace       used 47160K, committed 48448K, reserved 1114112K
  class space    used 5100K, committed 5696K, reserved 1048576K
}
Event: 9.203 GC heap before
{Heap before GC invocations=28 (full 2):
 PSYoungGen      total 23040K, used 22740K [0x00000000d5580000, 0x00000000d6f00000, 0x0000000100000000)
  eden space 20992K, 100% used [0x00000000d5580000,0x00000000d6a00000,0x00000000d6a00000)
  from space 2048K, 85% used [0x00000000d6a00000,0x00000000d6bb5278,0x00000000d6c00000)
  to   space 2560K, 0% used [0x00000000d6c80000,0x00000000d6c80000,0x00000000d6f00000)
 ParOldGen       total 68608K, used 38794K [0x0000000080000000, 0x0000000084300000, 0x00000000d5580000)
  object space 68608K, 56% used [0x0000000080000000,0x00000000825e2a70,0x0000000084300000)
 Metaspace       used 49370K, committed 50624K, reserved 1114112K
  class space    used 5402K, committed 6016K, reserved 1048576K
}
Event: 9.206 GC heap after
{Heap after GC invocations=28 (full 2):
 PSYoungGen      total 22528K, used 1312K [0x00000000d5580000, 0x00000000d6e00000, 0x0000000100000000)
  eden space 20992K, 0% used [0x00000000d5580000,0x00000000d5580000,0x00000000d6a00000)
  from space 1536K, 85% used [0x00000000d6c80000,0x00000000d6dc8000,0x00000000d6e00000)
  to   space 2048K, 0% used [0x00000000d6a00000,0x00000000d6a00000,0x00000000d6c00000)
 ParOldGen       total 68608K, used 40391K [0x0000000080000000, 0x0000000084300000, 0x00000000d5580000)
  object space 68608K, 58% used [0x0000000080000000,0x0000000082771e58,0x0000000084300000)
 Metaspace       used 49370K, committed 50624K, reserved 1114112K
  class space    used 5402K, committed 6016K, reserved 1048576K
}
Event: 9.850 GC heap before
{Heap before GC invocations=29 (full 2):
 PSYoungGen      total 22528K, used 22304K [0x00000000d5580000, 0x00000000d6e00000, 0x0000000100000000)
  eden space 20992K, 100% used [0x00000000d5580000,0x00000000d6a00000,0x00000000d6a00000)
  from space 1536K, 85% used [0x00000000d6c80000,0x00000000d6dc8000,0x00000000d6e00000)
  to   space 2048K, 0% used [0x00000000d6a00000,0x00000000d6a00000,0x00000000d6c00000)
 ParOldGen       total 68608K, used 40391K [0x0000000080000000, 0x0000000084300000, 0x00000000d5580000)
  object space 68608K, 58% used [0x0000000080000000,0x0000000082771e58,0x0000000084300000)
 Metaspace       used 51815K, committed 53120K, reserved 1114112K
  class space    used 5660K, committed 6272K, reserved 1048576K
}
Event: 9.854 GC heap after
{Heap after GC invocations=29 (full 2):
 PSYoungGen      total 22528K, used 1372K [0x00000000d5580000, 0x00000000d6d00000, 0x0000000100000000)
  eden space 20992K, 0% used [0x00000000d5580000,0x00000000d5580000,0x00000000d6a00000)
  from space 1536K, 89% used [0x00000000d6a00000,0x00000000d6b571d8,0x00000000d6b80000)
  to   space 1536K, 0% used [0x00000000d6b80000,0x00000000d6b80000,0x00000000d6d00000)
 ParOldGen       total 68608K, used 41487K [0x0000000080000000, 0x0000000084300000, 0x00000000d5580000)
  object space 68608K, 60% used [0x0000000080000000,0x0000000082883e58,0x0000000084300000)
 Metaspace       used 51815K, committed 53120K, reserved 1114112K
  class space    used 5660K, committed 6272K, reserved 1048576K
}
Event: 10.686 GC heap before
{Heap before GC invocations=30 (full 2):
 PSYoungGen      total 22528K, used 22364K [0x00000000d5580000, 0x00000000d6d00000, 0x0000000100000000)
  eden space 20992K, 100% used [0x00000000d5580000,0x00000000d6a00000,0x00000000d6a00000)
  from space 1536K, 89% used [0x00000000d6a00000,0x00000000d6b571d8,0x00000000d6b80000)
  to   space 1536K, 0% used [0x00000000d6b80000,0x00000000d6b80000,0x00000000d6d00000)
 ParOldGen       total 68608K, used 41487K [0x0000000080000000, 0x0000000084300000, 0x00000000d5580000)
  object space 68608K, 60% used [0x0000000080000000,0x0000000082883e58,0x0000000084300000)
 Metaspace       used 52685K, committed 53952K, reserved 1114112K
  class space    used 5773K, committed 6336K, reserved 1048576K
}
Event: 10.688 GC heap after
{Heap after GC invocations=30 (full 2):
 PSYoungGen      total 21504K, used 416K [0x00000000d5580000, 0x00000000d6c00000, 0x0000000100000000)
  eden space 20992K, 0% used [0x00000000d5580000,0x00000000d5580000,0x00000000d6a00000)
  from space 512K, 81% used [0x00000000d6b80000,0x00000000d6be8000,0x00000000d6c00000)
  to   space 1024K, 0% used [0x00000000d6a00000,0x00000000d6a00000,0x00000000d6b00000)
 ParOldGen       total 68608K, used 42767K [0x0000000080000000, 0x0000000084300000, 0x00000000d5580000)
  object space 68608K, 62% used [0x0000000080000000,0x00000000829c3db0,0x0000000084300000)
 Metaspace       used 52685K, committed 53952K, reserved 1114112K
  class space    used 5773K, committed 6336K, reserved 1048576K
}
Event: 11.277 GC heap before
{Heap before GC invocations=31 (full 2):
 PSYoungGen      total 21504K, used 21408K [0x00000000d5580000, 0x00000000d6c00000, 0x0000000100000000)
  eden space 20992K, 100% used [0x00000000d5580000,0x00000000d6a00000,0x00000000d6a00000)
  from space 512K, 81% used [0x00000000d6b80000,0x00000000d6be8000,0x00000000d6c00000)
  to   space 1024K, 0% used [0x00000000d6a00000,0x00000000d6a00000,0x00000000d6b00000)
 ParOldGen       total 68608K, used 42767K [0x0000000080000000, 0x0000000084300000, 0x00000000d5580000)
  object space 68608K, 62% used [0x0000000080000000,0x00000000829c3db0,0x0000000084300000)
 Metaspace       used 53482K, committed 54784K, reserved 1114112K
  class space    used 5848K, committed 6400K, reserved 1048576K
}
Event: 11.282 GC heap after
{Heap after GC invocations=31 (full 2):
 PSYoungGen      total 22016K, used 1021K [0x00000000d5580000, 0x00000000d7500000, 0x0000000100000000)
  eden space 20992K, 0% used [0x00000000d5580000,0x00000000d5580000,0x00000000d6a00000)
  from space 1024K, 99% used [0x00000000d6a00000,0x00000000d6aff620,0x00000000d6b00000)
  to   space 5632K, 0% used [0x00000000d6f80000,0x00000000d6f80000,0x00000000d7500000)
 ParOldGen       total 68608K, used 46181K [0x0000000080000000, 0x0000000084300000, 0x00000000d5580000)
  object space 68608K, 67% used [0x0000000080000000,0x0000000082d19470,0x0000000084300000)
 Metaspace       used 53482K, committed 54784K, reserved 1114112K
  class space    used 5848K, committed 6400K, reserved 1048576K
}

Dll operation events (20 events):
Event: 0.190 Attempting to load shared library C:\Users\HP\.vscode\extensions\redhat.java-1.56.0-win32-x64\jre\21.0.12.1-win32-x86_64\bin\instrument.dll
Event: 0.190 Loaded shared library C:\Users\HP\.vscode\extensions\redhat.java-1.56.0-win32-x64\jre\21.0.12.1-win32-x86_64\bin\instrument.dll
Event: 0.199 Attempting to load shared library C:\Users\HP\.vscode\extensions\redhat.java-1.56.0-win32-x64\jre\21.0.12.1-win32-x86_64\bin\net.dll
Event: 0.202 Loaded shared library C:\Users\HP\.vscode\extensions\redhat.java-1.56.0-win32-x64\jre\21.0.12.1-win32-x86_64\bin\net.dll
Event: 0.206 Attempting to load shared library C:\Users\HP\.vscode\extensions\redhat.java-1.56.0-win32-x64\jre\21.0.12.1-win32-x86_64\bin\nio.dll
Event: 0.209 Loaded shared library C:\Users\HP\.vscode\extensions\redhat.java-1.56.0-win32-x64\jre\21.0.12.1-win32-x86_64\bin\nio.dll
Event: 0.218 Attempting to load shared library C:\Users\HP\.vscode\extensions\redhat.java-1.56.0-win32-x64\jre\21.0.12.1-win32-x86_64\bin\zip.dll
Event: 0.218 Loaded shared library C:\Users\HP\.vscode\extensions\redhat.java-1.56.0-win32-x64\jre\21.0.12.1-win32-x86_64\bin\zip.dll
Event: 0.255 Attempting to load shared library C:\Users\HP\.vscode\extensions\redhat.java-1.56.0-win32-x64\jre\21.0.12.1-win32-x86_64\bin\jimage.dll
Event: 0.255 Loaded shared library C:\Users\HP\.vscode\extensions\redhat.java-1.56.0-win32-x64\jre\21.0.12.1-win32-x86_64\bin\jimage.dll
Event: 0.392 Attempting to load shared library c:\Users\HP\.vscode\extensions\redhat.java-1.56.0-win32-x64\jre\21.0.12.1-win32-x86_64\bin\verify.dll
Event: 0.393 Loaded shared library c:\Users\HP\.vscode\extensions\redhat.java-1.56.0-win32-x64\jre\21.0.12.1-win32-x86_64\bin\verify.dll
Event: 1.955 Attempting to load shared library C:\Users\HP\AppData\Roaming\Code\User\globalStorage\redhat.java\1.56.0\config_win\org.eclipse.equinox.launcher\org.eclipse.equinox.launcher.win32.win32.x86_64_1.3.100.v20260804-1928\eclipse_11924.dll
Event: 1.960 Loaded shared library C:\Users\HP\AppData\Roaming\Code\User\globalStorage\redhat.java\1.56.0\config_win\org.eclipse.equinox.launcher\org.eclipse.equinox.launcher.win32.win32.x86_64_1.3.100.v20260804-1928\eclipse_11924.dll
Event: 5.346 Attempting to load shared library C:\Users\HP\AppData\Local\Temp\jna-2312\jna4744003231013115940.dll
Event: 5.598 Loaded shared library C:\Users\HP\AppData\Local\Temp\jna-2312\jna4744003231013115940.dll
Event: 7.183 Attempting to load shared library C:\Users\HP\.vscode\extensions\redhat.java-1.56.0-win32-x64\jre\21.0.12.1-win32-x86_64\bin\management.dll
Event: 7.185 Loaded shared library C:\Users\HP\.vscode\extensions\redhat.java-1.56.0-win32-x64\jre\21.0.12.1-win32-x86_64\bin\management.dll
Event: 7.192 Attempting to load shared library C:\Users\HP\.vscode\extensions\redhat.java-1.56.0-win32-x64\jre\21.0.12.1-win32-x86_64\bin\management_ext.dll
Event: 7.194 Loaded shared library C:\Users\HP\.vscode\extensions\redhat.java-1.56.0-win32-x64\jre\21.0.12.1-win32-x86_64\bin\management_ext.dll

Deoptimization events (20 events):
Event: 11.141 Thread 0x0000022a21159ae0 DEOPT PACKING pc=0x00000229ca750070 sp=0x000000ea9c6fe990
Event: 11.141 Thread 0x0000022a21159ae0 DEOPT UNPACKING pc=0x00000229c9e63aa2 sp=0x000000ea9c6fe940 mode 2
Event: 11.247 Thread 0x0000022a1e806ad0 Uncommon trap: trap_request=0xffffff45 fr.pc=0x00000229ca752044 relative=0x0000000000000d04
Event: 11.247 Thread 0x0000022a1e806ad0 Uncommon trap: reason=unstable_if action=reinterpret pc=0x00000229ca752044 method=java.util.zip.ZipFile$Source.isSignatureRelated(II)Z @ 143 c2
Event: 11.247 Thread 0x0000022a1e806ad0 DEOPT PACKING pc=0x00000229ca752044 sp=0x000000ea9b2fdb80
Event: 11.247 Thread 0x0000022a1e806ad0 DEOPT UNPACKING pc=0x00000229c9e63aa2 sp=0x000000ea9b2fdab8 mode 2
Event: 11.274 Thread 0x0000022a1e806ad0 DEOPT PACKING pc=0x00000229c2cc6ed9 sp=0x000000ea9b2fdaa0
Event: 11.274 Thread 0x0000022a1e806ad0 DEOPT UNPACKING pc=0x00000229c9e64242 sp=0x000000ea9b2fcf28 mode 0
Event: 11.399 Thread 0x0000022a1e806ad0 DEOPT PACKING pc=0x00000229c3636be7 sp=0x000000ea9b2fdae0
Event: 11.399 Thread 0x0000022a1e806ad0 DEOPT UNPACKING pc=0x00000229c9e64242 sp=0x000000ea9b2fd050 mode 0
Event: 11.442 Thread 0x0000022a1e806ad0 Uncommon trap: trap_request=0xffffff45 fr.pc=0x00000229ca402068 relative=0x0000000000000868
Event: 11.442 Thread 0x0000022a1e806ad0 Uncommon trap: reason=unstable_if action=reinterpret pc=0x00000229ca402068 method=jdk.internal.jrtfs.JrtFileSystem.checkNode(Ljdk/internal/jrtfs/JrtPath;)Ljdk/internal/jimage/ImageReader$Node; @ 16 c2
Event: 11.442 Thread 0x0000022a1e806ad0 DEOPT PACKING pc=0x00000229ca402068 sp=0x000000ea9b2fd940
Event: 11.442 Thread 0x0000022a1e806ad0 DEOPT UNPACKING pc=0x00000229c9e63aa2 sp=0x000000ea9b2fd950 mode 2
Event: 11.604 Thread 0x0000022a1e806ad0 DEOPT PACKING pc=0x00000229c36897b9 sp=0x000000ea9b2fdc60
Event: 11.604 Thread 0x0000022a1e806ad0 DEOPT UNPACKING pc=0x00000229c9e64242 sp=0x000000ea9b2fd160 mode 0
Event: 12.307 Thread 0x0000022a1e806ad0 Uncommon trap: trap_request=0xffffffdc fr.pc=0x00000229ca7721f8 relative=0x00000000000002b8
Event: 12.307 Thread 0x0000022a1e806ad0 Uncommon trap: reason=class_check action=make_not_entrant pc=0x00000229ca7721f8 method=java.util.ArrayList.toArray([Ljava/lang/Object;)[Ljava/lang/Object; @ 21 c2
Event: 12.307 Thread 0x0000022a1e806ad0 DEOPT PACKING pc=0x00000229ca7721f8 sp=0x000000ea9b2fd350
Event: 12.307 Thread 0x0000022a1e806ad0 DEOPT UNPACKING pc=0x00000229c9e63aa2 sp=0x000000ea9b2fd320 mode 2

Classes loaded (20 events):
Event: 9.392 Loading class java/util/regex/Pattern$Pos
Event: 9.392 Loading class java/util/regex/Pattern$Pos done
Event: 9.421 Loading class sun/security/provider/MD5
Event: 9.421 Loading class sun/security/provider/MD5 done
Event: 9.422 Loading class sun/security/provider/ByteArrayAccess$LE
Event: 9.422 Loading class sun/security/provider/ByteArrayAccess$LE done
Event: 9.556 Loading class java/util/concurrent/ForkJoinTask$AdaptedCallable
Event: 9.557 Loading class java/util/concurrent/ForkJoinTask$AdaptedCallable done
Event: 10.253 Loading class java/util/Vector$1
Event: 10.253 Loading class java/util/Vector$1 done
Event: 10.773 Loading class java/util/WeakHashMap$KeyIterator
Event: 10.773 Loading class java/util/WeakHashMap$KeyIterator done
Event: 10.793 Loading class java/util/regex/Pattern$Caret
Event: 10.794 Loading class java/util/regex/Pattern$Caret done
Event: 11.449 Loading class java/util/stream/DistinctOps
Event: 11.450 Loading class java/util/stream/DistinctOps done
Event: 11.450 Loading class java/util/stream/DistinctOps$1
Event: 11.451 Loading class java/util/stream/DistinctOps$1 done
Event: 11.452 Loading class java/util/stream/DistinctOps$1$2
Event: 11.453 Loading class java/util/stream/DistinctOps$1$2 done

Classes unloaded (7 events):
Event: 6.228 Thread 0x0000022a184610a0 Unloading class 0x00000229d71a9400 'java/lang/invoke/LambdaForm$MH+0x00000229d71a9400'
Event: 6.228 Thread 0x0000022a184610a0 Unloading class 0x00000229d71a9000 'java/lang/invoke/LambdaForm$MH+0x00000229d71a9000'
Event: 6.228 Thread 0x0000022a184610a0 Unloading class 0x00000229d71a8c00 'java/lang/invoke/LambdaForm$MH+0x00000229d71a8c00'
Event: 6.228 Thread 0x0000022a184610a0 Unloading class 0x00000229d71a8800 'java/lang/invoke/LambdaForm$MH+0x00000229d71a8800'
Event: 6.228 Thread 0x0000022a184610a0 Unloading class 0x00000229d71a8400 'java/lang/invoke/LambdaForm$BMH+0x00000229d71a8400'
Event: 6.228 Thread 0x0000022a184610a0 Unloading class 0x00000229d71a8000 'java/lang/invoke/LambdaForm$DMH+0x00000229d71a8000'
Event: 6.228 Thread 0x0000022a184610a0 Unloading class 0x00000229d71a6c00 'java/lang/invoke/LambdaForm$DMH+0x00000229d71a6c00'

Classes redefined (0 events):
No events

Internal exceptions (20 events):
Event: 12.026 Thread 0x0000022a1e806ad0 Exception <a 'java/io/IOException'{0x00000000d5e14278}> (0x00000000d5e14278) 
thrown [s\src\hotspot\share\prims\jni.cpp, line 520]
Event: 12.205 Thread 0x0000022a1e806ad0 Exception <a 'java/io/IOException'{0x00000000d5e47ec8}> (0x00000000d5e47ec8) 
thrown [s\src\hotspot\share\prims\jni.cpp, line 520]
Event: 12.217 Thread 0x0000022a1e806ad0 Exception <a 'java/io/IOException'{0x00000000d5e6b230}> (0x00000000d5e6b230) 
thrown [s\src\hotspot\share\prims\jni.cpp, line 520]
Event: 12.256 Thread 0x0000022a1e806ad0 Exception <a 'java/io/IOException'{0x00000000d5eb8c20}> (0x00000000d5eb8c20) 
thrown [s\src\hotspot\share\prims\jni.cpp, line 520]
Event: 12.257 Thread 0x0000022a1e806ad0 Exception <a 'java/io/IOException'{0x00000000d5ed1b88}> (0x00000000d5ed1b88) 
thrown [s\src\hotspot\share\prims\jni.cpp, line 520]
Event: 12.260 Thread 0x0000022a1e806ad0 Exception <a 'java/io/IOException'{0x00000000d5ee9bc8}> (0x00000000d5ee9bc8) 
thrown [s\src\hotspot\share\prims\jni.cpp, line 520]
Event: 12.262 Thread 0x0000022a1e806ad0 Exception <a 'java/io/IOException'{0x00000000d5f031c8}> (0x00000000d5f031c8) 
thrown [s\src\hotspot\share\prims\jni.cpp, line 520]
Event: 12.266 Thread 0x0000022a1e806ad0 Exception <a 'java/io/IOException'{0x00000000d5f1b400}> (0x00000000d5f1b400) 
thrown [s\src\hotspot\share\prims\jni.cpp, line 520]
Event: 12.267 Thread 0x0000022a1e806ad0 Exception <a 'java/io/IOException'{0x00000000d5f1ced8}> (0x00000000d5f1ced8) 
thrown [s\src\hotspot\share\prims\jni.cpp, line 520]
Event: 12.291 Thread 0x0000022a1e806ad0 Exception <a 'java/io/IOException'{0x00000000d5f97510}> (0x00000000d5f97510) 
thrown [s\src\hotspot\share\prims\jni.cpp, line 520]
Event: 12.294 Thread 0x0000022a1e806ad0 Exception <a 'java/io/IOException'{0x00000000d5fb07c0}> (0x00000000d5fb07c0) 
thrown [s\src\hotspot\share\prims\jni.cpp, line 520]
Event: 12.299 Thread 0x0000022a1e806ad0 Exception <a 'java/io/IOException'{0x00000000d5fe0400}> (0x00000000d5fe0400) 
thrown [s\src\hotspot\share\prims\jni.cpp, line 520]
Event: 12.300 Thread 0x0000022a1e806ad0 Exception <a 'java/io/IOException'{0x00000000d5ff94f8}> (0x00000000d5ff94f8) 
thrown [s\src\hotspot\share\prims\jni.cpp, line 520]
Event: 12.309 Thread 0x0000022a1e806ad0 Exception <a 'java/io/IOException'{0x00000000d6076fb0}> (0x00000000d6076fb0) 
thrown [s\src\hotspot\share\prims\jni.cpp, line 520]
Event: 12.311 Thread 0x0000022a1e806ad0 Exception <a 'java/io/IOException'{0x00000000d609d418}> (0x00000000d609d418) 
thrown [s\src\hotspot\share\prims\jni.cpp, line 520]
Event: 12.311 Thread 0x0000022a1e806ad0 Exception <a 'java/io/IOException'{0x00000000d609e870}> (0x00000000d609e870) 
thrown [s\src\hotspot\share\prims\jni.cpp, line 520]
Event: 12.312 Thread 0x0000022a1e806ad0 Exception <a 'java/io/IOException'{0x00000000d60b56c8}> (0x00000000d60b56c8) 
thrown [s\src\hotspot\share\prims\jni.cpp, line 520]
Event: 12.313 Thread 0x0000022a1e806ad0 Exception <a 'java/io/IOException'{0x00000000d60cc820}> (0x00000000d60cc820) 
thrown [s\src\hotspot\share\prims\jni.cpp, line 520]
Event: 12.315 Thread 0x0000022a1e806ad0 Exception <a 'java/io/IOException'{0x00000000d60d83d0}> (0x00000000d60d83d0) 
thrown [s\src\hotspot\share\prims\jni.cpp, line 520]
Event: 12.316 Thread 0x0000022a1e806ad0 Exception <a 'java/io/IOException'{0x00000000d60ff678}> (0x00000000d60ff678) 
thrown [s\src\hotspot\share\prims\jni.cpp, line 520]

ZGC Phase Switch (0 events):
No events

VM Operations (20 events):
Event: 8.573 Executing safepoint VM operation: ParallelGCFailedAllocation (Allocation Failure)
Event: 8.576 Executing safepoint VM operation: ParallelGCFailedAllocation (Allocation Failure) done
Event: 8.621 Executing non-safepoint VM operation: HandshakeAllThreads (Deoptimize)
Event: 8.621 Executing non-safepoint VM operation: HandshakeAllThreads (Deoptimize) done
Event: 8.802 Executing safepoint VM operation: ParallelGCFailedAllocation (Allocation Failure)
Event: 8.806 Executing safepoint VM operation: ParallelGCFailedAllocation (Allocation Failure) done
Event: 8.910 Executing non-safepoint VM operation: HandshakeAllThreads (Deoptimize)
Event: 8.910 Executing non-safepoint VM operation: HandshakeAllThreads (Deoptimize) done
Event: 9.203 Executing safepoint VM operation: ParallelGCFailedAllocation (Allocation Failure)
Event: 9.206 Executing safepoint VM operation: ParallelGCFailedAllocation (Allocation Failure) done
Event: 9.231 Executing non-safepoint VM operation: HandshakeAllThreads (Deoptimize)
Event: 9.231 Executing non-safepoint VM operation: HandshakeAllThreads (Deoptimize) done
Event: 9.850 Executing safepoint VM operation: ParallelGCFailedAllocation (Allocation Failure)
Event: 9.854 Executing safepoint VM operation: ParallelGCFailedAllocation (Allocation Failure) done
Event: 10.686 Executing safepoint VM operation: ParallelGCFailedAllocation (Allocation Failure)
Event: 10.688 Executing safepoint VM operation: ParallelGCFailedAllocation (Allocation Failure) done
Event: 11.277 Executing safepoint VM operation: ParallelGCFailedAllocation (Allocation Failure)
Event: 11.282 Executing safepoint VM operation: ParallelGCFailedAllocation (Allocation Failure) done
Event: 12.288 Executing safepoint VM operation: Cleanup
Event: 12.288 Executing safepoint VM operation: Cleanup done

Memory protections (0 events):
No events

Nmethod flushes (20 events):
Event: 7.552 Thread 0x0000022a184610a0 flushing  nmethod 0x00000229c2f6e810
Event: 7.552 Thread 0x0000022a184610a0 flushing  nmethod 0x00000229c2f6f010
Event: 7.552 Thread 0x0000022a184610a0 flushing  nmethod 0x00000229c2f6f790
Event: 7.552 Thread 0x0000022a184610a0 flushing  nmethod 0x00000229c2f70d10
Event: 7.552 Thread 0x0000022a184610a0 flushing  nmethod 0x00000229c2f71890
Event: 7.552 Thread 0x0000022a184610a0 flushing  nmethod 0x00000229c2f71d90
Event: 7.552 Thread 0x0000022a184610a0 flushing  nmethod 0x00000229c2f73990
Event: 7.552 Thread 0x0000022a184610a0 flushing  nmethod 0x00000229c2f73d90
Event: 7.552 Thread 0x0000022a184610a0 flushing  nmethod 0x00000229c2f74d10
Event: 7.552 Thread 0x0000022a184610a0 flushing  nmethod 0x00000229c2f75210
Event: 7.552 Thread 0x0000022a184610a0 flushing  nmethod 0x00000229c2f75b90
Event: 7.552 Thread 0x0000022a184610a0 flushing  nmethod 0x00000229c2f76090
Event: 7.552 Thread 0x0000022a184610a0 flushing  nmethod 0x00000229c2f94d10
Event: 7.552 Thread 0x0000022a184610a0 flushing  nmethod 0x00000229c2f9d010
Event: 7.552 Thread 0x0000022a184610a0 flushing  nmethod 0x00000229c2fa8510
Event: 7.552 Thread 0x0000022a184610a0 flushing  nmethod 0x00000229c2fad090
Event: 7.552 Thread 0x0000022a184610a0 flushing  nmethod 0x00000229c2fb0890
Event: 7.552 Thread 0x0000022a184610a0 flushing  nmethod 0x00000229c2fb6790
Event: 7.552 Thread 0x0000022a184610a0 flushing  nmethod 0x00000229c3044f10
Event: 7.552 Thread 0x0000022a184610a0 flushing  nmethod 0x00000229c305e290

Events (20 events):
Event: 9.560 Thread 0x0000022a205d14b0 Thread added: 0x0000022a205cfa70
Event: 9.560 Thread 0x0000022a205cfa70 Thread added: 0x0000022a205ce030
Event: 9.560 Thread 0x0000022a205d0790 Thread added: 0x0000022a205ced50
Event: 9.560 Thread 0x0000022a21159450 Thread added: 0x0000022a205cf3e0
Event: 9.560 Thread 0x0000022a205ce030 Thread added: 0x0000022a205d1b40
Event: 9.560 Thread 0x0000022a205ced50 Thread added: 0x0000022a205d0100
Event: 9.561 Thread 0x0000022a205cfa70 Thread added: 0x0000022a205d0e20
Event: 9.561 Thread 0x0000022a205d0790 Thread added: 0x0000022a205ce6c0
Event: 9.636 Thread 0x0000022a1e806ad0 Thread added: 0x0000022a205d2860
Event: 9.636 Thread 0x0000022a1e806ad0 Thread added: 0x0000022a205d3580
Event: 9.636 Thread 0x0000022a1e806ad0 Thread added: 0x0000022a205d3c10
Event: 9.636 Thread 0x0000022a1e806ad0 Thread added: 0x0000022a205d42a0
Event: 9.637 Thread 0x0000022a205d3580 Thread added: 0x0000022a205d2ef0
Event: 9.637 Thread 0x0000022a1e806ad0 Thread added: 0x0000022a205d21d0
Event: 9.637 Thread 0x0000022a205d42a0 Thread added: 0x0000022a205d4930
Event: 9.637 Thread 0x0000022a205d21d0 Thread added: 0x0000022a205d4fc0
Event: 9.637 Thread 0x0000022a205d2860 Thread added: 0x0000022a205d5650
Event: 9.637 Thread 0x0000022a205d2ef0 Thread added: 0x0000022a22270bb0
Event: 11.390 Thread 0x0000022a19be75f0 Thread exited: 0x0000022a19be75f0
Event: 11.390 Thread 0x0000022a1e6d0980 Thread exited: 0x0000022a1e6d0980


Dynamic libraries:
0x00007ff712640000 - 0x00007ff71264e000 	c:\Users\HP\.vscode\extensions\redhat.java-1.56.0-win32-x64\jre\21.0.12.1-win32-x86_64\bin\java.exe
0x00007ffb1b400000 - 0x00007ffb1b667000 	C:\WINDOWS\SYSTEM32\ntdll.dll
0x00007ffb1ab50000 - 0x00007ffb1ac1a000 	C:\WINDOWS\System32\KERNEL32.DLL
0x00007ffb18ab0000 - 0x00007ffb18eb0000 	C:\WINDOWS\System32\KERNELBASE.dll
0x00007ffb15580000 - 0x00007ffb1561e000 	C:\WINDOWS\SYSTEM32\apphelp.dll
0x00007ffb187d0000 - 0x00007ffb1891c000 	C:\WINDOWS\System32\ucrtbase.dll
0x00007ffafac30000 - 0x00007ffafac4e000 	c:\Users\HP\.vscode\extensions\redhat.java-1.56.0-win32-x64\jre\21.0.12.1-win32-x86_64\bin\VCRUNTIME140.dll
0x00007ffafa670000 - 0x00007ffafa688000 	c:\Users\HP\.vscode\extensions\redhat.java-1.56.0-win32-x64\jre\21.0.12.1-win32-x86_64\bin\jli.dll
0x00007ffb1a970000 - 0x00007ffb1ab4b000 	C:\WINDOWS\System32\USER32.dll
0x00007ffaf9830000 - 0x00007ffaf9ac0000 	C:\WINDOWS\WinSxS\amd64_microsoft.windows.common-controls_6595b64144ccf1df_6.0.26100.9568_none_3e0c1af2e331199d\COMCTL32.dll
0x00007ffb186e0000 - 0x00007ffb18707000 	C:\WINDOWS\System32\win32u.dll
0x00007ffb1ae40000 - 0x00007ffb1aee9000 	C:\WINDOWS\System32\msvcrt.dll
0x00007ffb1ac20000 - 0x00007ffb1ac4b000 	C:\WINDOWS\System32\GDI32.dll
0x00007ffb19020000 - 0x00007ffb19147000 	C:\WINDOWS\System32\gdi32full.dll
0x00007ffb18ec0000 - 0x00007ffb18f63000 	C:\WINDOWS\System32\msvcp_win.dll
0x00007ffb1aef0000 - 0x00007ffb1af21000 	C:\WINDOWS\System32\IMM32.DLL
0x00007ffb14ab0000 - 0x00007ffb14abc000 	c:\Users\HP\.vscode\extensions\redhat.java-1.56.0-win32-x64\jre\21.0.12.1-win32-x86_64\bin\vcruntime140_1.dll
0x00007ffaa8630000 - 0x00007ffaa86bd000 	c:\Users\HP\.vscode\extensions\redhat.java-1.56.0-win32-x64\jre\21.0.12.1-win32-x86_64\bin\msvcp140.dll
0x00007ffa79ee0000 - 0x00007ffa7ac82000 	c:\Users\HP\.vscode\extensions\redhat.java-1.56.0-win32-x64\jre\21.0.12.1-win32-x86_64\bin\server\jvm.dll
0x00007ffb1a510000 - 0x00007ffb1a5cb000 	C:\WINDOWS\System32\ADVAPI32.dll
0x00007ffb1a7b0000 - 0x00007ffb1a858000 	C:\WINDOWS\System32\sechost.dll
0x00007ffb19750000 - 0x00007ffb19868000 	C:\WINDOWS\System32\RPCRT4.dll
0x00007ffb1a860000 - 0x00007ffb1a8e0000 	C:\WINDOWS\System32\WS2_32.dll
0x00007ffb184d0000 - 0x00007ffb1852e000 	C:\WINDOWS\SYSTEM32\POWRPROF.dll
0x00007ffb11110000 - 0x00007ffb1111b000 	C:\WINDOWS\SYSTEM32\VERSION.dll
0x00007ffb110d0000 - 0x00007ffb11106000 	C:\WINDOWS\SYSTEM32\WINMM.dll
0x00007ffb184b0000 - 0x00007ffb184c5000 	C:\WINDOWS\SYSTEM32\UMPDC.dll
0x00007ffb17360000 - 0x00007ffb1737b000 	C:\WINDOWS\SYSTEM32\kernel.appcore.dll
0x00007ffb13630000 - 0x00007ffb1363a000 	c:\Users\HP\.vscode\extensions\redhat.java-1.56.0-win32-x64\jre\21.0.12.1-win32-x86_64\bin\jimage.dll
0x00007ffb0a3e0000 - 0x00007ffb0a62c000 	C:\WINDOWS\SYSTEM32\DBGHELP.DLL
0x00007ffb193c0000 - 0x00007ffb1974a000 	C:\WINDOWS\System32\combase.dll
0x00007ffb1a5d0000 - 0x00007ffb1a6a9000 	C:\WINDOWS\System32\OLEAUT32.dll
0x00007ffaef690000 - 0x00007ffaef6cb000 	C:\WINDOWS\SYSTEM32\dbgcore.DLL
0x00007ffb18f70000 - 0x00007ffb1901c000 	C:\WINDOWS\System32\bcryptPrimitives.dll
0x00007ffb133a0000 - 0x00007ffb133af000 	c:\Users\HP\.vscode\extensions\redhat.java-1.56.0-win32-x64\jre\21.0.12.1-win32-x86_64\bin\instrument.dll
0x00007ffaf9fe0000 - 0x00007ffafa000000 	c:\Users\HP\.vscode\extensions\redhat.java-1.56.0-win32-x64\jre\21.0.12.1-win32-x86_64\bin\java.dll
0x00007ffb19ac0000 - 0x00007ffb1a258000 	C:\WINDOWS\System32\SHELL32.dll
0x00007ffb16130000 - 0x00007ffb169df000 	C:\WINDOWS\SYSTEM32\windows.storage.dll
0x00007ffb19920000 - 0x00007ffb19a1b000 	C:\WINDOWS\System32\SHCORE.dll
0x00007ffb19350000 - 0x00007ffb193b6000 	C:\WINDOWS\System32\shlwapi.dll
0x00007ffb18570000 - 0x00007ffb18599000 	C:\WINDOWS\SYSTEM32\profapi.dll
0x00007ffaf7e80000 - 0x00007ffaf7e98000 	c:\Users\HP\.vscode\extensions\redhat.java-1.56.0-win32-x64\jre\21.0.12.1-win32-x86_64\bin\zip.dll
0x00007ffb0d900000 - 0x00007ffb0d910000 	C:\Users\HP\.vscode\extensions\redhat.java-1.56.0-win32-x64\jre\21.0.12.1-win32-x86_64\bin\net.dll
0x00007ffb0e080000 - 0x00007ffb0e1a3000 	C:\WINDOWS\SYSTEM32\WINHTTP.dll
0x00007ffb178f0000 - 0x00007ffb1795b000 	C:\WINDOWS\system32\mswsock.dll
0x00007ffaf9db0000 - 0x00007ffaf9dc6000 	C:\Users\HP\.vscode\extensions\redhat.java-1.56.0-win32-x64\jre\21.0.12.1-win32-x86_64\bin\nio.dll
0x00007ffb0d680000 - 0x00007ffb0d690000 	c:\Users\HP\.vscode\extensions\redhat.java-1.56.0-win32-x64\jre\21.0.12.1-win32-x86_64\bin\verify.dll
0x00007ffafacb0000 - 0x00007ffafacf5000 	C:\Users\HP\AppData\Roaming\Code\User\globalStorage\redhat.java\1.56.0\config_win\org.eclipse.equinox.launcher\org.eclipse.equinox.launcher.win32.win32.x86_64_1.3.100.v20260804-1928\eclipse_11924.dll
0x00007ffb19150000 - 0x00007ffb192ea000 	C:\WINDOWS\System32\ole32.dll
0x00007ffb17bd0000 - 0x00007ffb17beb000 	C:\WINDOWS\SYSTEM32\CRYPTSP.dll
0x00007ffb172c0000 - 0x00007ffb172f9000 	C:\WINDOWS\system32\rsaenh.dll
0x00007ffb17990000 - 0x00007ffb179c4000 	C:\WINDOWS\SYSTEM32\USERENV.dll
0x00007ffb18540000 - 0x00007ffb1856a000 	C:\WINDOWS\SYSTEM32\bcrypt.dll
0x00007ffb17bf0000 - 0x00007ffb17bfc000 	C:\WINDOWS\SYSTEM32\CRYPTBASE.dll
0x00007ffb16d60000 - 0x00007ffb16d93000 	C:\WINDOWS\SYSTEM32\IPHLPAPI.DLL
0x00007ffb19910000 - 0x00007ffb1991a000 	C:\WINDOWS\System32\NSI.dll
0x00007ffaefc30000 - 0x00007ffaefc79000 	C:\Users\HP\AppData\Local\Temp\jna-2312\jna4744003231013115940.dll
0x00007ffb1a320000 - 0x00007ffb1a328000 	C:\WINDOWS\System32\PSAPI.DLL
0x00007ffb0d5f0000 - 0x00007ffb0d5fa000 	C:\Users\HP\.vscode\extensions\redhat.java-1.56.0-win32-x64\jre\21.0.12.1-win32-x86_64\bin\management.dll
0x00007ffb0d5e0000 - 0x00007ffb0d5ec000 	C:\Users\HP\.vscode\extensions\redhat.java-1.56.0-win32-x64\jre\21.0.12.1-win32-x86_64\bin\management_ext.dll
0x00007ffb0cc90000 - 0x00007ffb0ccab000 	\\?\C:\WINDOWS\system32\MpeHttpExt.dll
0x00007ffb11ef0000 - 0x00007ffb11f0d000 	C:\WINDOWS\SYSTEM32\dhcpcsvc6.DLL
0x00007ffb11bb0000 - 0x00007ffb11bd5000 	C:\WINDOWS\SYSTEM32\dhcpcsvc.DLL

JVMTI agents:
c:\Users\HP\.vscode\extensions\redhat.java-1.56.0-win32-x64\lombok\lombok-1.18.39-4050.jar path:c:\Users\HP\.vscode\extensions\redhat.java-1.56.0-win32-x64\jre\21.0.12.1-win32-x86_64\bin\instrument.dll, loaded, initialized, instrumentlib options:none

dbghelp: loaded successfully - version: 4.0.5 - missing functions: none
symbol engine: initialized successfully - sym options: 0x614 - pdb path: .;c:\Users\HP\.vscode\extensions\redhat.java-1.56.0-win32-x64\jre\21.0.12.1-win32-x86_64\bin;C:\WINDOWS\SYSTEM32;C:\WINDOWS\WinSxS\amd64_microsoft.windows.common-controls_6595b64144ccf1df_6.0.26100.9568_none_3e0c1af2e331199d;c:\Users\HP\.vscode\extensions\redhat.java-1.56.0-win32-x64\jre\21.0.12.1-win32-x86_64\bin\server;C:\Users\HP\AppData\Roaming\Code\User\globalStorage\redhat.java\1.56.0\config_win\org.eclipse.equinox.launcher\org.eclipse.equinox.launcher.win32.win32.x86_64_1.3.100.v20260804-1928;C:\Users\HP\AppData\Local\Temp\jna-2312;\\?\C:\WINDOWS\system32

VM Arguments:
jvm_args: --add-modules=ALL-SYSTEM --add-opens=java.base/java.util=ALL-UNNAMED --add-opens=java.base/java.lang=ALL-UNNAMED --add-opens=java.base/sun.nio.fs=ALL-UNNAMED -Declipse.application=org.eclipse.jdt.ls.core.id1 -Dosgi.bundles.defaultStartLevel=4 -Declipse.product=org.eclipse.jdt.ls.core.product -Djava.import.generatesMetadataFilesAtProjectRoot=false -Dm2e.project.cache.size=50 -DDetectVMInstallationsJob.disabled=true -Dfile.encoding=utf8 -XX:+UseParallelGC -XX:GCTimeRatio=4 -XX:AdaptiveSizePolicyWeight=90 -Dsun.zip.disableMemoryMapping=true -Xmx2G -Xms100m -Xlog:disable -javaagent:c:\Users\HP\.vscode\extensions\redhat.java-1.56.0-win32-x64\lombok\lombok-1.18.39-4050.jar -XX:+HeapDumpOnOutOfMemoryError -XX:HeapDumpPath=c:\Users\HP\AppData\Roaming\Code\User\workspaceStorage\582c10e5bd0e77861f8ce3b57d2bfba2\redhat.java -Daether.dependencyCollector.impl=bf 
java_command: c:\Users\HP\.vscode\extensions\redhat.java-1.56.0-win32-x64\server\plugins\org.eclipse.equinox.launcher_1.8.0.v20260804-1928.jar -configuration c:\Users\HP\AppData\Roaming\Code\User\globalStorage\redhat.java\1.56.0\config_win -data c:\Users\HP\AppData\Roaming\Code\User\workspaceStorage\582c10e5bd0e77861f8ce3b57d2bfba2\redhat.java\jdt_ws --pipe=\\.\pipe\lsp-4660517ffbe1c3d1715f847b107e39d4-sock
java_class_path (initial): c:\Users\HP\.vscode\extensions\redhat.java-1.56.0-win32-x64\server\plugins\org.eclipse.equinox.launcher_1.8.0.v20260804-1928.jar
Launcher Type: SUN_STANDARD

[Global flags]
    uintx AdaptiveSizePolicyWeight                 = 90                                        {product} {command line}
     intx CICompilerCount                          = 4                                         {product} {ergonomic}
    uintx GCTimeRatio                              = 4                                         {product} {command line}
     bool HeapDumpOnOutOfMemoryError               = true                                   {manageable} {command line}
    ccstr HeapDumpPath                             = c:\Users\HP\AppData\Roaming\Code\User\workspaceStorage\582c10e5bd0e77861f8ce3b57d2bfba2\redhat.java         {manageable} {command line}
   size_t InitialHeapSize                          = 104857600                                 {product} {command line}
   size_t MaxHeapSize                              = 2147483648                                {product} {command line}
   size_t MaxNewSize                               = 715653120                                 {product} {ergonomic}
   size_t MinHeapDeltaBytes                        = 524288                                    {product} {ergonomic}
   size_t MinHeapSize                              = 104857600                                 {product} {command line}
   size_t NewSize                                  = 34603008                                  {product} {ergonomic}
    uintx NonNMethodCodeHeapSize                   = 5839372                                {pd product} {ergonomic}
    uintx NonProfiledCodeHeapSize                  = 122909434                              {pd product} {ergonomic}
   size_t OldSize                                  = 70254592                                  {product} {ergonomic}
    uintx ProfiledCodeHeapSize                     = 122909434                              {pd product} {ergonomic}
    uintx ReservedCodeCacheSize                    = 251658240                              {pd product} {ergonomic}
     bool SegmentedCodeCache                       = true                                      {product} {ergonomic}
   size_t SoftMaxHeapSize                          = 2147483648                             {manageable} {ergonomic}
     bool UseCompressedOops                        = true                           {product lp64_product} {ergonomic}
     bool UseLargePagesIndividualAllocation        = false                                  {pd product} {ergonomic}
     bool UseParallelGC                            = true                                      {product} {command line}

Logging:
Log output configuration:
 #0: stdout all=off uptime,level,tags foldmultilines=false
 #1: stderr all=off uptime,level,tags foldmultilines=false

Release file:
JAVA_VERSION="21.0.12.1" 
MODULES="java.base java.compiler java.datatransfer java.xml java.prefs java.desktop java.instrument java.logging java.management java.security.sasl java.naming java.rmi java.management.rmi java.net.http java.scripting java.security.jgss java.transaction.xa java.sql java.sql.rowset java.xml.crypto java.se java.smartcardio jdk.accessibility jdk.internal.jvmstat jdk.attach jdk.charsets jdk.internal.opt jdk.zipfs jdk.compiler jdk.crypto.ec jdk.crypto.cryptoki jdk.crypto.mscapi jdk.dynalink jdk.internal.ed jdk.editpad jdk.hotspot.agent jdk.httpserver jdk.internal.le jdk.internal.vm.ci jdk.internal.vm.compiler jdk.internal.vm.compiler.management jdk.jartool jdk.javadoc jdk.jcmd jdk.management jdk.management.agent jdk.jconsole jdk.jdeps jdk.jdwp.agent jdk.jdi jdk.jfr jdk.jshell jdk.jsobject jdk.jstatd jdk.localedata jdk.management.jfr jdk.naming.dns jdk.naming.rmi jdk.net jdk.nio.mapmode jdk.random jdk.sctp jdk.security.auth jdk.security.jgss jdk.unsupported jdk.unsupported.desktop jdk.xml.dom" 

Environment Variables:
JAVA_HOME=C:\Program Files\Java\jdk-21.0.10
PATH=C:\Program Files\Java\jdk-21.0.10\bin;C:\Program Files\Common Files\Oracle\Java\javapath;C:\windows\system32;C:\windows;C:\windows\System32\Wbem;C:\windows\System32\WindowsPowerShell\v1.0\;C:\windows\System32\OpenSSH\;C:\Program Files (x86)\NVIDIA Corporation\PhysX\Common;C:\Program Files\NVIDIA Corporation\NVIDIA NvDLISR;C:\Users\HP\Downloads\opencv\build\python\cv2\python-3.5\_cv2.pyd.pyd;C:\Users\HP\Downloads\opencv\build\python\cv2\python-3.5\_cv2.pyd.pyd\Scripts;C:\Users\HP\Downloads\get-pip2.py;C:\Users\HP\Downloads\get-pip2.py\Scripts;C:\WINDOWS\system32;C:\WINDOWS;C:\WINDOWS\System32\Wbem;C:\WINDOWS\System32\WindowsPowerShell\v1.0\;C:\WINDOWS\System32\OpenSSH\;C:\Program Files\GitHub CLI\;C:\Program Files\Pieces for Developers;C:\Program Files\Git\cmd;;C:\Program Files\Docker\Docker\resources\bin;D:\Program Files\nodejs\;C:\Users\HP\.local\bin;C:\Users\HP\AppData\Local\Microsoft\WindowsApps;C:\Users\HP\AppData\Local\Programs\Microsoft VS Code\bin;C:\Users\Riya Nikam\AppData\Local\Programs\Microsoft VS Code\bin;C:\Users\HP\AppData\Local\Programs\Ollama;C:\Users\HP\AppData\Local\devin\cli\bin;C:\Users\HP\AppData\Local\Microsoft\WindowsApps;C:\Users\HP\AppData\Local\Microsoft\WinGet\Packages\Ngrok.Ngrok_Microsoft.Winget.Source_8wekyb3d8bbwe;C:\Users\HP\AppData\Roaming\npm
USERNAME=HP
OS=Windows_NT
PROCESSOR_IDENTIFIER=AMD64 Family 25 Model 80 Stepping 0, AuthenticAMD
TMP=C:\Users\HP\AppData\Local\Temp
TEMP=C:\Users\HP\AppData\Local\Temp




Periodic native trim disabled

---------------  S Y S T E M  ---------------

OS:
 Windows 11 , 64 bit Build 26100 (10.0.26100.9568)
OS uptime: 0 days 1:16 hours
Hyper-V role detected

CPU: total 12 (initial active 12) (12 cores per cpu, 2 threads per core) family 25 model 80 stepping 0 microcode 0xa50000f, cx8, cmov, fxsr, ht, mmx, 3dnowpref, sse, sse2, sse3, ssse3, sse4a, sse4.1, sse4.2, popcnt, lzcnt, tsc, tscinvbit, avx, avx2, aes, erms, clmul, bmi1, bmi2, adx, sha, fma, vzeroupper, clflush, clflushopt, hv, rdtscp, rdpid, fsrm, f16c, cet_ss
Processor Information for processor 0
  Max Mhz: 3301, Current Mhz: 3301, Mhz Limit: 3301
Processor Information for processor 1
  Max Mhz: 3301, Current Mhz: 2630, Mhz Limit: 3301
Processor Information for processor 2
  Max Mhz: 3301, Current Mhz: 2630, Mhz Limit: 3301
Processor Information for processor 3
  Max Mhz: 3301, Current Mhz: 3301, Mhz Limit: 3301
Processor Information for processor 4
  Max Mhz: 3301, Current Mhz: 3301, Mhz Limit: 3301
Processor Information for processor 5
  Max Mhz: 3301, Current Mhz: 3301, Mhz Limit: 3301
Processor Information for processor 6
  Max Mhz: 3301, Current Mhz: 3301, Mhz Limit: 3301
Processor Information for processor 7
  Max Mhz: 3301, Current Mhz: 3301, Mhz Limit: 3301
Processor Information for processor 8
  Max Mhz: 3301, Current Mhz: 3301, Mhz Limit: 3301
Processor Information for processor 9
  Max Mhz: 3301, Current Mhz: 3301, Mhz Limit: 3301
Processor Information for processor 10
  Max Mhz: 3301, Current Mhz: 3301, Mhz Limit: 3301
Processor Information for processor 11
  Max Mhz: 3301, Current Mhz: 2630, Mhz Limit: 3301

Memory: 4k page, system-wide physical 7518M (796M free)
TotalPageFile size 23902M (AvailPageFile size 1891M)
current process WorkingSet (physical memory assigned to process): 246M, peak: 268M
current process commit charge ("private bytes"): 355M, peak: 375M

vm_info: OpenJDK 64-Bit Server VM (21.0.12.1+1-LTS) for windows-amd64 JRE (21.0.12.1+1-LTS), built on 2026-08-18T00:00:00Z by "admin" with MS VC++ 17.12 (VS2022)

END.
